,X,order,id,id2,sequenced_as_barcode,Microchip,Microchip_new,Tissue_sample,Trap,DateCaptured,pop,pop2,metapop,RepPurpose,RepType,RepDist,RepID_new2,RepOutcome,change,comments_sample,KeepInd,KeepInd2,ind.call.rate_prefilt,lat,lon,DarT_order,Maturity_2021,Sex,Maturity_2019,DNAconc,sortorder,comments_trapping,comments_results,ind.call.rate_prefilt.1,ind.call.rate_postfilt,AnyRepOutcome_C,IsMaxQ,IsEqual_id_id2
1,144,1,112760_SPC04_20/11/18,112760_SPC04_20/11/18,112760 SPC04 20/11/18,112760,112760,ear,SPC04,20/11/2018,Spurgeon,Spurgeon,Spurgeon,rep test,new sample,6.93,3,A,,accidental reproducibility test - first sample,TRUE,1,0.910669203,-16.4472124,145.1694086,4696,NA,M,Adult,60,135,Current collar dropped off in cage (JK01); reattached and released,,0.910669203,0.936428841,FALSE,TRUE,TRUE
2,145,2,424262_SPG06_12/03/19,424262_SPG06_12/03/19,424262 SPG06 12/03/19,424262,425155,ear,SPG06,12/03/2019,Spurgeon,Spurgeon,Spurgeon,checking issues,fresh extraction,10,8,A,,suspected duplicate - subsequently re extracted. very similar dist to another sample in dataset (on par with known duplicate),FALSE,0,0.901919419,-16.447534,145.1729343,4696,NA,F,A,30,140,"Ben processed, hair loss, old wound on back",,0.901919419,0.932880332,FALSE,FALSE,TRUE
3,146,3,424813_SPB02_21/11/18,424813_SPB02_21/11/18,424813 SPB02 21/11/18,424813,424928,ear,SPB02,21/11/2018,Spurgeon,Spurgeon,Spurgeon,checking issues,fresh extraction,9.38,18,A,,suspected duplicate - subsequently re extracted,TRUE,0,0.903164448,-16.4430073,145.1696919,4696,NA,M,Adult,37,130,Removed previous collar (JK08) and replaced with new collar (JK04),,0.903164448,0.931747829,FALSE,TRUE,TRUE
4,147,4,424928_SPC07_20/11/18,424928_SPC07_20/11/18,424928 SPC07 20/11/18,424928,424928,ear,SPC07,20/11/2018,Spurgeon,Spurgeon,Spurgeon,,,NA,18,A,,Spurgeon- very similar dist to another sample in dataset (on par with known duplicate),FALSE,0,0.900536054,-16.4466559,145.1717677,4696,NA,M,Adult,60,137,,,0.900536054,0.930766327,FALSE,FALSE,TRUE
5,148,5,425041_SPA11_20/11/18,425041_SPA11_20/11/18,425041 SPA11 20/11/18,425041,425041,ear,SPA11,20/11/2018,Spurgeon,Spurgeon,Spurgeon,,,NA,NA,NA,,,TRUE,1,0.918623552,-16.4447601,145.1891727,4696,NA,M,Adult,40.4,128,,,0.918623552,0.946319366,FALSE,TRUE,TRUE
6,149,6,425155_SPC06_22/11/18,425155_SPC06_22/11/18,425155 SPC06 22/11/18,425155,425155,ear,SPC06,22/11/2018,Spurgeon,Spurgeon,Spurgeon,checking issues,old extraction,9.17,8,A,,subsequently re sequenced from old extraction,TRUE,0,0.904478644,-16.4471359,145.170974,4696,NA,F,A,31.4,136,"Taped pourch as precaution; acting strangely when released: did not leave bag like normal, had trouble getting to feet and awkward hopping off",,0.904478644,0.932955832,FALSE,TRUE,TRUE
7,150,7,425155_SPC06_22/11/18_rep,425155_SPC06_22/11/18_rep,425155 SPC06 22/11/18,425155,425155,ear,SPC06,22/11/2018,Spurgeon,Spurgeon,Spurgeon,checking issues,old extraction,9.17,8,A,,"old extraction added to fill plate, but aslo suspected duplicate (resequencing may not be able to resolve if due to contammination prior to transfer to plate. Need to replace space with underscores",FALSE,0,0.871623725,-16.4471359,145.170974,6213,NA,F,,NA,289,"old extraction added to fill plate, but aslo suspected duplicate (resequencing ,y not be able to resolve if due to contammination prior to transfer to plate. Need to replace space with underscores",suspected duplicate,0.871623725,0.934465836,FALSE,FALSE,TRUE
8,151,8,438089_SPB02_23/11/18,438089_SPB02_23/11/18,438089 SPB02 23/11/18,438089,438089,ear,SPB02,23/11/2018,Spurgeon,Spurgeon,Spurgeon,,,NA,NA,NA,,,TRUE,1,0.835275808,-16.4430073,145.1696919,4696,NA,F,A,31,131,"Previous collar (JK03) removed, released without collar as there was hair loss around neck.",,0.835275808,0.909097773,FALSE,TRUE,TRUE
9,152,9,438096_SPA16_22/11/18,438096_SPA16_22/11/18,438096 SPA16 22/11/18,438096,438096,ear,SPA16,22/11/2018,Spurgeon,Spurgeon,Spurgeon,,,NA,NA,NA,,,TRUE,1,0.858447173,-16.4525581,145.1870531,4696,NA,F,A,50.4,129,,,0.858447173,0.917478294,FALSE,TRUE,TRUE
10,153,10,438097_SPB11_13/03/19,438097_SPB11_13/03/19,438097 SPB11 13/03/19,438097,438097,ear,SPB11,13/03/2019,Spurgeon,Spurgeon,Spurgeon,,,NA,NA,NA,,,TRUE,1,0.910634619,-16.4449976,145.1670429,4696,NA,F,A,40,133,"No microchip found but is a recaptute as had tissue sample taken previously, verify by genetics? Female, small, very healthy, coat soft, appears young",,0.910634619,0.937938845,FALSE,TRUE,TRUE
11,154,11,438100_SPD02_20/11/18,438100_SPD02_20/11/18,438100 SPD02 20/11/18,438100,438100,ear,SPD02,20/11/2018,Spurgeon,Spurgeon,Spurgeon,,,NA,NA,NA,,,TRUE,1,0.896005533,-16.4478716,145.1742853,4696,NA,M,Juvenile,9.55,138,Too small to collar.,,0.896005533,0.929633824,FALSE,TRUE,TRUE
12,155,12,438110_SPB04_20/11/18,438110_SPB04_20/11/18,438110 SPB04 20/11/18,438110,438110,ear,SPB04,20/11/2018,Spurgeon,Spurgeon,Spurgeon,,,NA,NA,NA,,,TRUE,1,0.906934117,-16.4443378,145.1684511,4696,NA,F,A,29.8,132,Dropped PY,,0.906934117,0.933635334,FALSE,TRUE,TRUE
13,156,13,57_112760_SPC06_26Aug20,57_112760_SPC06_26Aug20,57_112760_SPC06_26Aug20,112760,112760,ear,SPC06,26/08/2020,Spurgeon,Spurgeon,Spurgeon,rep test,new sample,6.93,3,A,,accidental reproducibility test - second sample,FALSE,0,0.895383019,-16.4471359,145.170974,6213,NA,M,,NA,254,,,0.895383019,0.938769347,FALSE,FALSE,TRUE
14,157,14,58_541882_SPB12_27Aug20,58_541882_SPB12_27Aug20,58_541882_SPB12_27Aug20,541882,541882,ear,SPB12,27/08/2020,Spurgeon,Spurgeon,Spurgeon,,,NA,NA,NA,,,TRUE,1,0.893999654,-16.4461384,145.1683695,6213,NA,F,,NA,255,,,0.893999654,0.933937335,FALSE,TRUE,TRUE
15,158,15,59_541889_SPC07_28Aug20,59_541889_SPC07_28Aug20,59_541889_SPC07_28Aug20,541889,541889,ear,SPC07,28/08/2020,Spurgeon,Spurgeon,Spurgeon,,,NA,NA,NA,,,TRUE,1,0.87694968,-16.4466559,145.1717677,6213,NA,M,,NA,256,,,0.87694968,0.935371838,FALSE,TRUE,TRUE
16,159,16,60_541903_SPB14_26Aug20,60_541903_SPB14_26Aug20,60_541903_SPB14_26Aug20,541903,541903,ear,SPB14,26/08/2020,Spurgeon,Spurgeon,Spurgeon,,,NA,NA,NA,,,TRUE,1,0.898633927,-16.4469949,145.1737665,6213,NA,F,,NA,257,,,0.898633927,0.937636844,FALSE,TRUE,TRUE
17,160,17,61_541908_SPC02_27Oct20,61_541908_SPC02_27Oct20,61_541908_SPC02_27Oct20,541908,541908,ear,SPC02,27/10/2020,Spurgeon,Spurgeon,Spurgeon,,,NA,NA,NA,,,TRUE,1,0.893550061,-16.45210499,145.1857196,6213,NA,M,,NA,258,,,0.893550061,0.934239336,FALSE,TRUE,TRUE
18,161,18,62_541909_SPD11_25Aug20,62_541909_SPD11_25Aug20,62_541909_SPD11_25Aug20,541909,541909,ear,SPD11,25/08/2020,Spurgeon,Spurgeon,Spurgeon,,,NA,NA,NA,,,TRUE,1,0.889054124,-16.4431618,145.1697433,6213,NA,M,,NA,259,,,0.889054124,0.931370328,FALSE,TRUE,TRUE
19,162,19,63_541946_SPD03_03Sep20,63_541946_SPD03_03Sep20,63_541946_SPD03_03Sep20,541946,541946,ear,SPD03,3/09/2020,Spurgeon,Spurgeon,Spurgeon,,,NA,NA,NA,,,TRUE,1,0.885699464,-16.4488452,145.1752216,6213,NA,F,,NA,260,,,0.885699464,0.936957342,FALSE,TRUE,TRUE
20,163,20,64_541947_SPD02_25Aug20,64_541947_SPD02_25Aug20,64_541947_SPD02_25Aug20,541947,541947,ear,SPD02,25/08/2020,Spurgeon,Spurgeon,Spurgeon,,,NA,NA,NA,,,TRUE,1,0.811689435,-16.4478716,145.1742853,6213,NA,M,,NA,261,,,0.811689435,0.926160815,FALSE,TRUE,TRUE
21,164,21,65_243098_SPB11_13Apr21,65_243098_SPB11_13Apr21,65_243098_SPB11_13Apr21,243098,243098,ear,SPB11,13/04/2021,Spurgeon,Spurgeon,Spurgeon,,,NA,NA,NA,,,TRUE,1,0.856960055,-16.4449976,145.1670429,6213,NA,M,,NA,262,,,0.856960055,0.923518309,FALSE,TRUE,TRUE
22,165,22,66_248131_SPC04_15Apr21,66_248131_SPC04_15Apr21,66_248131_SPC04_15Apr21,248131,248131,ear,SPC04,15/04/2021,Spurgeon,Spurgeon,Spurgeon,,,NA,NA,NA,,,TRUE,1,0.855887947,-16.4472124,145.1694086,6213,NA,,,NA,263,,,0.855887947,0.933182333,FALSE,TRUE,TRUE
23,166,23,67_248133_SPD02_15Jun21,67_248133_SPD02_15Jun21,67_248133_SPD02_15Jun21,248133,248133,ear,SPD02,15/06/2021,Spurgeon,Spurgeon,Spurgeon,,,NA,NA,NA,,,TRUE,1,0.867888639,-16.4478716,145.1742853,6213,NA,,,NA,264,,,0.867888639,0.931672329,FALSE,TRUE,TRUE
24,167,24,69_424262_SPG06_12Mar19,69_424262_SPG06_12Mar19,69_424262_SPG06_12Mar19,424262,425155,ear,SPG06,12/03/2019,Spurgeon,Spurgeon,Spurgeon,checking issues,fresh extraction,10,8,A,,re-extraction of original sample - suspected duplicate,FALSE,1,0.792737334,-16.447534,145.1729343,6213,NA,F,,NA,266,,suspected duplicate; low quality - removed during QC filtering,0.792737334,0.929256323,FALSE,FALSE,TRUE
25,168,25,70_424813_SPB02_21Nov18,70_424813_SPB02_21Nov18,70_424813_SPB02_21Nov18,424813,424928,ear,SPB02,21/11/2018,Spurgeon,Spurgeon,Spurgeon,checking issues,fresh extraction,9.38,18,A,,re-extraction of original sample - suspected duplicate,FALSE,1,0.806605568,-16.4430073,145.1696919,6213,NA,M,,NA,267,,suspected duplicate,0.806605568,0.927142318,FALSE,FALSE,TRUE
26,169,26,707354_SPD02_21/11/18,707354_SPD02_21/11/18,707354 SPD02 21/11/18,707354,707354,ear,SPD02,21/11/2018,Spurgeon,Spurgeon,Spurgeon,,,NA,NA,NA,,,TRUE,1,0.903441121,-16.4478716,145.1742853,4696,NA,F,A,27,139,"Removed previous collar (JK09), replaced with new collar (JK10); no previous collar impacts on neck/body",,0.903441121,0.936504341,FALSE,TRUE,TRUE
27,170,27,707425_SPB12_22/01/19,707425_SPB12_22/01/19,707425 SPB12 22/01/19,707425,707425,ear,SPB12,22/01/2019,Spurgeon,Spurgeon,Spurgeon,,,NA,NA,NA,,,TRUE,1,0.90008646,-16.4461384,145.1683695,4696,NA,M,Adult,30,134,Dropped current collar (JK07) in trap; same collar (JK07) refitted.,,0.90008646,0.932351831,FALSE,TRUE,TRUE
28,123,28,247958_LDL8_31/07/19,247958_LDL8_31/07/19,247958 LDL8 31/07/19,247958,247958,ear,LDL8,31/07/2019,Davies Creek,Lower Davies,Lamb Range,,,NA,NA,NA,,,TRUE,1,0.929067958,-17.01158001,145.567867,4696,A,M,A,42,13,,,0.929067958,0.953793884,FALSE,TRUE,TRUE
29,124,29,248029_LDL7_28/05/19,248029_LDL7_28/05/19,248029 LDL7 28/05/19,248029,248029,ear,LDL7,28/05/2019,Davies Creek,Lower Davies,Lamb Range,,,NA,NA,NA,,,TRUE,1,0.730209234,-17.01076504,145.568406,4696,NA,F,A,24.8,11,"Mother of 248045, collar 3",low quality - removed if using 'prefilt' ind call rate filtering,0.730209234,0.818799547,FALSE,TRUE,TRUE
30,125,30,248043_LDC9_01/08/19,248043_LDC9_01/08/19,248043 LDC9 01/08/19,248043,248043,ear,LDC9,1/08/2019,Davies Creek,Lower Davies,Lamb Range,,,NA,NA,NA,,,TRUE,1,0.922393222,-17.00239898,145.562174,4696,A,M,A,30,5,Bald patch - left shoulder,,0.922393222,0.956813892,FALSE,TRUE,TRUE
31,126,31,248045_LDL7_28/05/19,248045_LDL7_28/05/19,248045 LDL7 28/05/19,248045,248045,ear,LDL7,28/05/2019,Davies Creek,Lower Davies,Lamb Range,,,NA,NA,NA,,,TRUE,1,0.932457202,-17.01076504,145.568406,4696,NA,F,J,23.9,12,"Young of 248029, at foot",,0.932457202,0.95583239,FALSE,TRUE,TRUE
32,127,32,248069_LDJ4_30/07/19,248069_LDJ4_30/07/19,248069 LDJ4 30/07/19,248069,248069,ear,LDJ4,30/07/2019,Davies Creek,Lower Davies,Lamb Range,,,NA,NA,NA,,,TRUE,1,0.926543317,-17.00595802,145.566389,4696,NA,M,A,30,9,Small graze on head,,0.926543317,0.951075878,FALSE,TRUE,TRUE
33,128,33,248099_LDL2_28/05/19,248099_LDL2_28/05/19,248099 LDL2 28/05/19,248099,248099,ear,LDL2,28/05/2019,Davies Creek,Lower Davies,Lamb Range,,,NA,NA,NA,,,TRUE,1,0.912917171,-17.007235,145.568944,4696,NA,F,A,57.2,10,"Collar 4, no leg length",,0.912917171,0.951151378,FALSE,TRUE,TRUE
34,129,34,248109_LDC9_29/05/19,248109_LDC9_29/05/19,248109 LDC9 29/05/19,248109,248109,ear,LDC9,29/05/2019,Davies Creek,Lower Davies,Lamb Range,,,NA,NA,NA,,,TRUE,1,0.924675774,-17.00239898,145.562174,4696,A,F,J,29.6,4,"Juvenile, calling for mother on release",,0.924675774,0.954020385,FALSE,TRUE,TRUE
35,130,35,248137_LDC1_31/07/19,248137_LDC1_31/07/19,248137 LDC1 31/07/19,248137,248137,ear,LDC1,31/07/2019,Davies Creek,Lower Davies,Lamb Range,,,NA,NA,NA,,,TRUE,1,0.740930313,-16.99631003,145.565534,4696,NA,F,A,60,1,,low quality - removed if using 'prefilt' ind call rate filtering,0.740930313,0.819554549,FALSE,TRUE,TRUE
36,131,36,248139_LDD4_31/07/19,248139_LDD4_31/07/19,248139 LDD4 31/07/19,248139,248139,ear,LDD4,31/07/2019,Davies Creek,Lower Davies,Lamb Range,,,NA,NA,NA,,,TRUE,1,0.930036313,-17.001511,145.564883,4696,NA,M,A,29.2,6,,,0.930036313,0.954624387,FALSE,TRUE,TRUE
37,132,37,248151_LDJ3_28/05/19,248151_LDJ3_28/05/19,248151 LDJ3 28/05/19,248151,357108,ear,LDJ3,28/05/2019,Davies Creek,Lower Davies,Lamb Range,,,NA,34,B,,,FALSE,1,0.866954868,-17.00517397,145.566727,4696,A,M,A,30,8,Collar 2,,0.866954868,0.942166855,FALSE,FALSE,TRUE
38,133,38,248152_LDC4_28/05/19,248152_LDC4_28/05/19,248152 LDC4 28/05/19,248152,248152,ear,LDC4,28/05/2019,Davies Creek,Lower Davies,Lamb Range,,,NA,35,B,,,TRUE,1,0.923569082,-16.99838899,145.564686,4696,NA,F,A,30,2,,,0.923569082,0.95590789,FALSE,TRUE,TRUE
39,134,39,248154_LDJ1_27/05/19,248154_LDJ1_27/05/19,248154 LDJ1 27/05/19,248154,248154,ear,LDJ1,27/05/2019,Davies Creek,Lower Davies,Lamb Range,,,NA,NA,NA,,,TRUE,1,0.935258516,-17.00464298,145.568509,4696,NA,F,A,60,7,Collar 1,,0.935258516,0.95613439,FALSE,TRUE,TRUE
40,135,40,248156_LDC6_31/05/19,248156_LDC6_31/05/19,248156 LDC6 31/05/19,248156,248152,ear,LDC6,31/05/2019,Davies Creek,Lower Davies,Lamb Range,,,NA,35,B,,In ind.list4 indiviudals to remove - im assuming just due to low quality?,FALSE,1,0.893688397,-16.99986496,145.563318,4696,A,F,A,28,3,"PY size not recorded, PY bruise on leg",,0.893688397,0.948961872,FALSE,FALSE,TRUE
41,136,41,25_242774_LDC2_20Oct20,25_242774_LDC2_20Oct20,25_242774_LDC2_20Oct20,242774,242774,ear,LDC02,20/10/2020,Davies Creek,Lower Davies,Lamb Range,,,NA,NA,NA,,,TRUE,1,0.866505274,-16.99711704,145.565831,6213,A,M,,NA,222,,,0.866505274,0.953038883,FALSE,TRUE,TRUE
42,137,42,26_243189_LDJ4_19Oct20,26_243189_LDJ4_19Oct20,26_243189_LDJ4_19Oct20,243189,243189,ear,LDJ4,19/10/2020,Davies Creek,Lower Davies,Lamb Range,,,NA,NA,NA,,,TRUE,1,0.911637558,-17.00595802,145.566389,6213,NA,,,NA,223,,,0.911637558,0.958323896,FALSE,TRUE,TRUE
43,138,43,27_248126_LDC5_21Oct20,27_248126_LDC5_21Oct20,27_248126_LDC5_21Oct20,248126,248152,ear,LDC05,21/10/2020,Davies Creek,Lower Davies,Lamb Range,,,NA,35,B,,apparently 'previous' recap but no other sample?,FALSE,1,0.897458067,-16.99905803,145.563725,6213,A,F,,NA,224,,,0.897458067,0.956511891,FALSE,FALSE,TRUE
44,139,44,28_541884_LDL9_20Oct20,28_541884_LDL9_20Oct20,28_541884_LDL9_20Oct20,541884,541884,ear,LDL09,20/10/2020,Davies Creek,Lower Davies,Lamb Range,,,NA,NA,NA,,,TRUE,1,0.846584818,-17.01208896,145.567412,6213,NA,,,NA,225,,,0.846584818,0.951075878,FALSE,TRUE,TRUE
45,140,45,29_357073_LDD1_09Jun21,29_357073_LDD1_09Jun21,29_357073_LDD1_09Jun21,357073,357073,ear,LDD01,9/06/2021,Davies Creek,Lower Davies,Lamb Range,,,NA,NA,NA,,,TRUE,1,0.871243299,-16.99963999,145.566986,6213,J,F,,NA,226,,,0.871243299,0.955152888,FALSE,TRUE,TRUE
46,141,46,30_357076_LDD7_08Jun21,30_357076_LDD7_08Jun21,30_357076_LDD7_08Jun21,357076,357076,ear,LDD07,8/06/2021,Davies Creek,Lower Davies,Lamb Range,,,NA,NA,NA,,,TRUE,1,0.878160125,-17.00395499,145.564674,6213,A,F,,NA,227,,,0.878160125,0.951679879,FALSE,TRUE,TRUE
47,142,47,31_357108_LDG1_10Jun21,31_357108_LDG1_10Jun21,31_357108_LDG1_10Jun21,357108,357108,ear,LDG01,10/06/2021,Davies Creek,Lower Davies,Lamb Range,,,NA,34,B,,,TRUE,1,0.916479336,-17.00279997,145.567301,6213,A,M,,NA,228,,,0.916479336,0.952736882,FALSE,TRUE,TRUE
48,143,48,32_357117_LDC8_08Jun21,32_357117_LDC8_08Jun21,32_357117_LDC8_08Jun21,357117,357117,ear,LDC08,8/06/2021,Davies Creek,Lower Davies,Lamb Range,,,NA,NA,NA,,,TRUE,1,0.917793533,-17.001657,145.56282,6213,A,F,,NA,229,,,0.917793533,0.956285391,FALSE,TRUE,TRUE
49,1,49,103909_DTA5_04/08/16,103909_DTA5_04/08/16,103909 DTA5 04/08/16,103909,103909,ear,DTA5,4/08/2016,Davies Creek,Upper Davies,Lamb Range,,,NA,NA,NA,,,TRUE,1,0.940376967,-17.02837857,145.5830166,4696,A,M,,29.6,55,,,0.940376967,0.962476406,FALSE,TRUE,TRUE
50,2,50,134853_DTG3_18/11/16,134853_DTG3_18/11/16,134853 DTG3 18/11/16,134853,134853,ear,DTG3,18/11/2016,Davies Creek,Upper Davies,Lamb Range,,,NA,37,B,,,TRUE,1,0.932388034,-17.0190166,145.5830166,4696,NA,F,A,15,75,both M & F recorded on same date??,,0.932388034,0.953567384,FALSE,TRUE,TRUE
51,3,51,135187_DTA1_15/11/16,135187_DTA1_15/11/16,135187 DTA1 15/11/16,135187,135187,ear,DTA1,15/11/2016,Davies Creek,Upper Davies,Lamb Range,,,NA,NA,NA,,,TRUE,1,0.934497666,-17.02619417,145.5859666,4696,NA,M,,15,51,,,0.934497666,0.956360891,FALSE,TRUE,TRUE
52,4,52,242708_DTH2_08/08/19,242708_DTH2_08/08/19,242708 DTH2 08/08/19,242708,242708,ear,DTH2,8/08/2019,Davies Creek,Upper Davies,Lamb Range,,,NA,NA,NA,,,TRUE,1,0.92758084,-17.0170666,145.5832166,4696,NA,M,J,50.4,78,,,0.92758084,0.956813892,FALSE,TRUE,TRUE
53,5,53,242709_DTA2_07/08/19,242709_DTA2_07/08/19,242709 DTA2 07/08/19,242709,242709,ear,DTA2,7/08/2019,Davies Creek,Upper Davies,Lamb Range,,,NA,NA,NA,,,TRUE,1,0.926197475,-17.0271166,145.5858167,4696,NA,M,A,20.4,52,,,0.926197475,0.95190638,FALSE,TRUE,TRUE
54,6,54,242947_DTB5_06/08/19,242947_DTB5_06/08/19,242947 DTB5 06/08/19,242947,242947,ear,DTB5,6/08/2019,Davies Creek,Upper Davies,Lamb Range,,,NA,NA,NA,,,TRUE,1,0.929379215,-17.0209624,145.5860062,4696,NA,F,A,25.2,60,,,0.929379215,0.954548886,FALSE,TRUE,TRUE
55,7,55,247957_DTA8_07/06/19,247957_DTA8_07/06/19,247957 DTA8 07/06/19,247957,247957,ear,DTA8,7/06/2019,Davies Creek,Upper Davies,Lamb Range,,,NA,NA,NA,,,TRUE,1,0.920698599,-17.030673,145.580171,4696,NA,F,A,37.8,57,,,0.920698599,0.953944885,FALSE,TRUE,TRUE
56,8,56,247960_DTH1_03/06/19,247960_DTH1_03/06/19,247960 DTH1 03/06/19,247960,247960,ear,DTH1,3/06/2019,Davies Creek,Upper Davies,Lamb Range,,,NA,NA,NA,,,TRUE,1,0.935085596,-17.0166333,145.5840666,4696,NA,M,A,63.2,77,,,0.935085596,0.956587391,FALSE,TRUE,TRUE
57,9,57,248021_DTI1_06/06/19,248021_DTI1_06/06/19,248021 DTI1 06/06/19,248021,248021,ear,DTI1,6/06/2019,Davies Creek,Upper Davies,Lamb Range,,,NA,NA,NA,,,TRUE,1,0.912986339,-17.0143333,145.5805667,4696,NA,M,A,60,83,,,0.912986339,0.952283881,FALSE,TRUE,TRUE
58,10,58,248037_DTF4_05/06/19,248037_DTF4_05/06/19,248037 DTF4 05/06/19,248037,248037,ear,DTF4,5/06/2019,Davies Creek,Upper Davies,Lamb Range,,,NA,NA,NA,,,TRUE,1,0.927788345,-17.0222666,145.5818666,4696,NA,M,A,40.2,71,,,0.927788345,0.957040393,FALSE,TRUE,TRUE
59,11,59,248040_DTE1_04/06/19,248040_DTE1_04/06/19,248040 DTE1 04/06/19,248040,248040,ear,DTE1,4/06/2019,Davies Creek,Upper Davies,Lamb Range,,,NA,NA,NA,,,TRUE,1,0.933667647,-17.0248333,145.5853333,4696,NA,F,A,36.2,62,"Dropped PY, successful re-pouch (taped), small scratch on PY foot",,0.933667647,0.956511891,FALSE,TRUE,TRUE
60,12,60,248070_DTA4_07/06/19,248070_DTA4_07/06/19,248070 DTA4 07/06/19,248070,248070,ear,DTA4,7/06/2019,Davies Creek,Upper Davies,Lamb Range,,,NA,NA,NA,,,TRUE,1,0.729828809,-17.0279833,145.5840333,4696,NA,M,A,14.8,53,,low quality - removed if using 'prefilt' ind call rate filtering,0.729828809,0.815402039,FALSE,TRUE,TRUE
61,13,61,248122_DTH4_04/06/19,248122_DTH4_04/06/19,248122 DTH4 04/06/19,248122,248122,ear,DTH4,4/06/2019,Davies Creek,Upper Davies,Lamb Range,,,NA,NA,NA,,,TRUE,1,0.934048072,-17.0170666,145.5815666,4696,NA,M,A,31.4,79,Collar 10,,0.934048072,0.955530389,FALSE,TRUE,TRUE
62,14,62,2A4D27_DCB_B6_06/08/04,2A4D27_DCB_B6_06/08/04,2A4D27 DCB B6 06/08/04,2A4D27,2A4D27,ear,DCB_B6,6/08/2004,Davies Creek,Upper Davies,Lamb Range,,,NA,NA,NA,,Sandras 2004 sample,FALSE,0,0.880753934,-17.021,145.583,4696,NA,NA,,28,47,just used mean lat & longs for davies creek,,0.880753934,0.951679879,FALSE,TRUE,TRUE
63,276,63,33_242946_DTB6_13Oct20,33_242946_DTB6_13Oct20,33_242946_DTB6_13Oct20,242946,242946,ear,DTB6,13/10/2020,Davies Creek,Upper Davies,Lamb Range,,,NA,NA,NA,,,TRUE,1,0.920110669,-17.0218276,145.5858297,6213,A,M,,NA,230,,,0.920110669,0.956436391,FALSE,TRUE,TRUE
64,277,64,34_243171_DTA8_14Oct20,34_243171_DTA8_14Oct20,34_243171_DTA8_14Oct20,243171,243171,ear,DTA8,14/10/2020,Davies Creek,Upper Davies,Lamb Range,,,NA,NA,NA,,,TRUE,1,0.922358637,-17.030673,145.580171,6213,A,M,,NA,231,,,0.922358637,0.957795394,FALSE,TRUE,TRUE
65,278,65,35_243173_DTE8_16Oct20,35_243173_DTE8_16Oct20,35_243173_DTE8_16Oct20,243173,243173,ear,DTE8,16/10/2020,Davies Creek,Upper Davies,Lamb Range,,,NA,NA,NA,,,TRUE,1,0.923499914,-17.02669875,145.5800833,6213,A,F,,NA,232,,,0.923499914,0.966024915,FALSE,TRUE,TRUE
66,279,66,36_243183_DTF3_14Oct20,36_243183_DTF3_14Oct20,36_243183_DTF3_14Oct20,243183,243183,ear,DTF3,14/10/2020,Davies Creek,Upper Davies,Lamb Range,,,NA,NA,NA,,,TRUE,1,0.918900225,-17.0222833,145.5828333,6213,NA,,,NA,233,,,0.918900225,0.955001888,FALSE,TRUE,TRUE
67,280,67,37_248132_DTI5_15Oct20,37_248132_DTI5_15Oct20,37_248132_DTI5_15Oct20,248132,248132,ear,DTI5,15/10/2020,Davies Creek,Upper Davies,Lamb Range,,,NA,NA,NA,,,TRUE,1,0.914992219,-17.0154666,145.5838219,6213,A,M,,NA,234,,,0.914992219,0.955077388,FALSE,TRUE,TRUE
68,281,68,38_541886_DTE4_13Oct20,38_541886_DTE4_13Oct20,38_541886_DTE4_13Oct20,541886,541886,ear,DTE4,13/10/2020,Davies Creek,Upper Davies,Lamb Range,,,NA,NA,NA,,,TRUE,1,0.915476396,-17.0256666,145.5831833,6213,NA,,,NA,235,,,0.915476396,0.953340883,FALSE,TRUE,TRUE
69,282,69,39_541887_DTE5_13Oct20,39_541887_DTE5_13Oct20,39_541887_DTE5_13Oct20,541887,541887,ear,DTE5,13/10/2020,Davies Creek,Upper Davies,Lamb Range,,,NA,NA,NA,,,TRUE,1,0.90050147,-17.0258833,145.5824333,6213,A,F,,NA,236,,,0.90050147,0.956889392,FALSE,TRUE,TRUE
70,15,70,390507_DCB_H4_08/08/04,390507_DCB_H4_08/08/04,390507 DCB H4 08/08/04,390507,390507,ear,DCB_H4,8/08/2004,Davies Creek,Upper Davies,Lamb Range,,,NA,NA,NA,,Sandras 2004 sample,FALSE,0,0.900743559,-17.021,145.583,4696,NA,NA,,55,48,just used mean lat & longs for davies creek,,0.900743559,0.953567384,FALSE,TRUE,TRUE
71,283,71,40_541945_DTH4_14Oct20,40_541945_DTH4_14Oct20,40_541945_DTH4_14Oct20,541945,541945,ear,DTH4,14/10/2020,Davies Creek,Upper Davies,Lamb Range,,,NA,NA,NA,,,TRUE,1,0.893722981,-17.0170666,145.5815666,6213,NA,,,NA,237,,,0.893722981,0.954322386,FALSE,TRUE,TRUE
72,284,72,41_357114_DTA2_14Jun21,41_357114_DTA2_14Jun21,41_357114_DTA2_14Jun21,357114,357114,ear,DTA2,14/06/2021,Davies Creek,Upper Davies,Lamb Range,,,NA,NA,NA,,double chipped (mystery previous bettong 541949),TRUE,1,0.900916479,-17.0271166,145.5858167,6213,NA,,,NA,238,,,0.900916479,0.953718384,FALSE,TRUE,TRUE
73,285,73,42_357116_DTE6_15Jun21,42_357116_DTE6_15Jun21,42_357116_DTE6_15Jun21,357116,357116,ear,DTE6,15/06/2021,Davies Creek,Upper Davies,Lamb Range,,,NA,NA,NA,,,TRUE,1,0.891336676,-17.0263833,145.5817167,6213,A,M,,NA,239,,,0.891336676,0.95183088,FALSE,TRUE,TRUE
74,16,74,424011_DTE1_03/06/15,424011_DTE1_03/06/15,424011 DTE1 03/06/15,424011,424011,ear,DTE1,3/06/2015,Davies Creek,Upper Davies,Lamb Range,,,NA,NA,NA,,,TRUE,1,0.934393913,-17.0248333,145.5853333,4696,NA,M,J,32,63,,,0.934393913,0.955756889,FALSE,TRUE,TRUE
75,17,75,424139_DTE1_16/11/16,424139_DTE1_16/11/16,424139 DTE1 16/11/16,424139,424139,ear,DTE1,16/11/2016,Davies Creek,Upper Davies,Lamb Range,,,NA,36,B,,,TRUE,1,0.927373336,-17.0248333,145.5853333,4696,NA,M,,24,61,,,0.927373336,0.953944885,FALSE,TRUE,TRUE
76,18,76,424386_DTH5_12/07/14,424386_DTH5_12/07/14,424386 DTH5 12/07/14,424386,424386,ear,DTH5,12/07/2014,Davies Creek,Upper Davies,Lamb Range,hair pilot,new sample,12.08,9,B,,other sample is suspected duplicate within first order (T030_424384_DTH5_12/07/14). hair subsequently sequenced,TRUE,1,0.937679405,-17.0170833,145.5806999,4696,NA,M,,57.2,82,,,0.937679405,0.956209891,FALSE,TRUE,TRUE
77,19,77,424646_DTA6_12/11/15,424646_DTA6_12/11/15,424646 DTA6 12/11/15,424646,424646,ear,DTA6,12/11/2015,Davies Creek,Upper Davies,Lamb Range,,,NA,NA,NA,,,TRUE,1,0.929932561,-17.0295833,145.5820666,4696,A,F,,21.4,56,,,0.929932561,0.954926387,FALSE,TRUE,TRUE
78,20,78,424765_DTE8_31/07/15,424765_DTE8_31/07/15,424765 DTE8 31/07/15,424765,424765,ear,DTE8,31/07/2015,Davies Creek,Upper Davies,Lamb Range,,,NA,NA,NA,,,TRUE,1,0.926266644,-17.02669875,145.5800833,4696,NA,F,A,30,68,,,0.926266644,0.953491884,FALSE,TRUE,TRUE
79,21,79,424982_DTB3_16/11/16,424982_DTB3_16/11/16,424982 DTB3 16/11/16,424982,424982,ear,DTB3,16/11/2016,Davies Creek,Upper Davies,Lamb Range,,,NA,NA,NA,,,TRUE,1,0.932180529,-17.0200249,145.5847792,4696,NA,F,,12.5,59,,,0.932180529,0.957795394,FALSE,TRUE,TRUE
80,22,80,425002_DTE5_17/11/16,425002_DTE5_17/11/16,425002 DTE5 17/11/16,425002,425002,ear,DTE5,17/11/2016,Davies Creek,Upper Davies,Lamb Range,,,NA,NA,NA,,,TRUE,1,0.924191596,-17.0258833,145.5824333,4696,A,F,,9,66,,,0.924191596,0.954322386,FALSE,TRUE,TRUE
81,23,81,425129_DTI6_04/02/15,425129_DTI6_04/02/15,425129 DTI6 04/02/15,425129,425129,ear,DTI6,4/02/2015,Davies Creek,Upper Davies,Lamb Range,,,NA,NA,NA,,,TRUE,1,0.928687532,-17.0159722,145.5846045,4696,NA,F,,20,85,,,0.928687532,0.953869385,FALSE,TRUE,TRUE
82,24,82,425135_DTI5_14/07/14,425135_DTI5_14/07/14,425135 DTI5 14/07/14,425135,425135,ear,DTI5,14/07/2014,Davies Creek,Upper Davies,Lamb Range,,,NA,NA,NA,,,TRUE,1,0.930935501,-17.0154666,145.5838219,4696,NA,M,,34.2,16,,,0.930935501,0.956587391,FALSE,TRUE,TRUE
83,25,83,425190_DTF8_03/06/15,425190_DTF8_03/06/15,425190 DTF8 03/06/15,425190,425190,ear,DTF8,3/06/2015,Davies Creek,Upper Davies,Lamb Range,hair pilot,new sample,20.78,24,E,,hair subsequently sequenced,TRUE,1,0.920629431,-17.0242333,145.5791666,4696,NA,M,,31,74,,,0.920629431,0.951755379,FALSE,TRUE,TRUE
84,26,84,425229_DTA5_07/02/15,425229_DTA5_07/02/15,425229 DTA5 07/02/15,425229,425229,ear,DTA5,7/02/2015,Davies Creek,Upper Davies,Lamb Range,,,NA,NA,NA,,,TRUE,1,0.927892098,-17.02837857,145.5830166,4696,NA,M,,12.6,54,,,0.927892098,0.952359381,FALSE,TRUE,TRUE
85,27,85,425414_DTI3_13/07/14,425414_DTI3_13/07/14,425414 DTI3 13/07/14,425414,425414,ear,DTI3,13/07/2014,Davies Creek,Upper Davies,Lamb Range,,,NA,NA,NA,,,TRUE,1,0.934843507,-17.0143833,145.5825,4696,NA,M,,26,84,,,0.934843507,0.956738392,FALSE,TRUE,TRUE
86,28,86,425433_DTH5_15/11/16,425433_DTH5_15/11/16,425433 DTH5 15/11/16,425433,425433,ear,DTH5,15/11/2016,Davies Creek,Upper Davies,Lamb Range,rep test,new sample,12.49,27,A,,subsequent reproducibility tested,TRUE,0,0.933218053,-17.0170833,145.5806999,4696,A,M,,15,81,,,0.933218053,0.95590789,FALSE,TRUE,TRUE
87,29,87,438116_DTE2_15/11/16,438116_DTE2_15/11/16,438116 DTE2 15/11/16,438116,438116,ear,DTE2,15/11/2016,Davies Creek,Upper Davies,Lamb Range,,,NA,NA,NA,,,TRUE,1,0.918519799,-17.0254833,145.5847166,4696,NA,M,,26.4,65,,,0.918519799,0.949716874,FALSE,TRUE,TRUE
88,30,88,453368_TTE8_14/11/15,453368_TTE8_14/11/15,453368 TTE8 14/11/15,453368,453368,ear,DTE8,14/11/2015,Davies Creek,Upper Davies,Lamb Range,,,NA,NA,NA,,"changed!! Was Tinaroo, but known mistake (record at Davies)",TRUE,1,0.926197475,-17.02669875,145.5800833,4696,NA,M,,22.6,14,"changed!! Was Tinaroo, but known mistake (record at Davies)",,0.926197475,0.953416384,FALSE,TRUE,TRUE
89,286,89,68_357112_DTB5_18Jun21,68_357112_DTB5_18Jun21,68_357112_DTB5_18Jun21,357112,357112,ear,DTB5,18/06/2021,Davies Creek,Upper Davies,Lamb Range,,,NA,NA,NA,,,TRUE,1,0.868995331,-17.0209624,145.5860062,6213,A,M,,NA,265,,,0.868995331,0.955001888,FALSE,TRUE,TRUE
90,31,90,694378_DTB_13/03/16,694378_DTB_13/03/16,694378 DTB 13/03/16,694378,694378,ear,DTB,13/03/2016,Davies Creek,Upper Davies,Lamb Range,,,NA,NA,NA,,date doesnt fit Davies trapping - no record found,TRUE,1,0.935673526,-17.01838,145.585,4696,NA,NA,,6,58,,,0.935673526,0.955756889,FALSE,TRUE,TRUE
91,287,91,80_424386_DTG6_03Jun15,80_424386_DTG6_03Jun15,80_424386_DTG6_03Jun15,424386,424386,hair,DTG6,3/06/2015,Davies Creek,Upper Davies,Lamb Range,hair pilot,new sample,12.08,NA,NA,,hair pilot - have tissue,FALSE,0,0.781428324,-17.0193833,145.5804667,6213,NA,,,NA,277,,low quality - removed during QC filtering,0.781428324,0.92789732,FALSE,FALSE,TRUE
92,288,92,82_425190_DTF8_03Jun15,82_425190_DTF8_03Jun15,82_425190_DTF8_03Jun15,425190,425190,hair,DTF8,3/06/2015,Davies Creek,Upper Davies,Lamb Range,hair pilot,new sample,20.78,24,E,,hair pilot - have tissue,FALSE,0,0.659726785,-17.0242333,145.5791666,6213,NA,,,NA,278,,low quality - removed if using 'prefilt' ind call rate filtering,0.659726785,0.882899207,FALSE,FALSE,TRUE
93,289,93,92_425433_DTF3_14Jun21,92_425433_DTF3_14Jun21,92_425433_DTF3_14Jun21,425433,425433,ear,DTF3,14/06/2021,Davies Creek,Upper Davies,Lamb Range,rep test,new sample,12.49,27,A,,reproducibility test - AWC resampled,FALSE,1,0.888327858,-17.0222833,145.5828333,6213,A,M,,NA,287,old Male from Davies!,,0.888327858,0.958097395,FALSE,FALSE,TRUE
94,32,94,E4720_DTF3_14/07/14,E4720_DTF3_14/07/14,E4720 DTF3 14/07/14,E4720,E4720,ear,DTF3,14/07/2014,Davies Creek,Upper Davies,Lamb Range,,,NA,NA,NA,,,TRUE,1,0.929240878,-17.0222833,145.5828333,4696,NA,M,,15.08,70,,,0.929240878,0.955379388,FALSE,TRUE,TRUE
95,33,95,RaEth_Unknown,424139_DTE1_16/11/16_2,RaEth Unknown,424139,424139,ear,DTE1,16/11/2016,Davies Creek,Upper Davies,Lamb Range,,,NA,36,B,copy details from 424139_DTE1_16/11/16,could well be duplicate because vial missing microchip label,FALSE,0,0.926474148,-17.0248333,145.5853333,4696,NA,NA,,36.8,46,unknown location,,0.926474148,0.954624387,FALSE,FALSE,FALSE
96,34,96,Roadkill,Roadkill,Roadkill,Roadkill_Dav,Roadkill_Dav,ear,NA,NA,Davies Creek,Upper Davies,Lamb Range,,,NA,NA,NA,,,TRUE,1,0.897700156,-16.93,145.548,4696,NA,NA,,27.4,45,unknown location,,0.897700156,0.942846357,FALSE,TRUE,TRUE
97,35,97,T030_424384_DTH5_12/07/14,T030_424384_DTH5_12/07/14,T030_424384 DTH5 12/07/14,424386,424386,ear,DTH5,12/07/2014,Davies Creek,Upper Davies,Lamb Range,accidental first order,NA,12.08,9,B,,suspected duplicate of 424386 based on dist of 15 - within first order. Hair subsequently sequenced.,FALSE,0,0.895383019,-17.0170833,145.5806999,4696,NA,M,A,30,80,cage trap microchip 943094320424386 not 424384,,0.895383019,0.933937335,FALSE,FALSE,TRUE
98,36,98,T032_434853_DTH3_12/07/14,T032_434853_DTH3_12/07/14,T032_434853 DTH3 12/07/14,434853,134853,ear,DTH3,12/07/2014,Davies Creek,Upper Davies,Lamb Range,,,NA,37,B,,Bingo! certain duplicate 134853 vs 434853. Microchip no. now changed (24th Aug 21),FALSE,0,0.925955386,-17.01705,145.58235,4696,NA,F,,30,24,"both M & F recorded for microchip no, but F recorded on ID date",,0.925955386,0.95183088,FALSE,FALSE,TRUE
99,37,99,T039_424424_DTE6_06/02/15,T039_424424_DTE6_06/02/15,T039_424424 DTE6 06/02/15,424424,424424,ear,DTE6,6/02/2015,Davies Creek,Upper Davies,Lamb Range,,,NA,NA,NA,,,TRUE,1,0.949714681,-17.0263833,145.5817167,4696,NA,F,,18,67,,,0.949714681,0.969195923,FALSE,TRUE,TRUE
100,38,100,T040_424213_DTF7_04/02/15,T040_424213_DTF7_04/02/15,T040_424213 DTF7 04/02/15,424213,424213,ear,DTF7,4/02/2015,Davies Creek,Upper Davies,Lamb Range,accidental first order,NA,19.44,6,E,,duplicated within first order - check 'distDF_finding duplicates',TRUE,1,0.92522912,-17.0234666,145.5796333,4696,NA,M,,37.5,72,,,0.92522912,0.954322386,FALSE,TRUE,TRUE
101,39,101,T041_423973_DT_4/07/2015,T041_423973_DT_4/07/2015,T041_423973 DT 4/07/2015,423973,423973,ear,DTB7,4/07/2015,Davies Creek,Upper Davies,Lamb Range,,,NA,NA,NA,,"date doesnt fit Davies trapping (captured on other dates). no record found for 4/7/15, so used trap location for record on 31/7/15",TRUE,1,0.901504409,-17.0226824,145.585849,4696,NA,M,A,30,49,"no record found for 4/7/15, so used trap location for record on 31/7/15",,0.901504409,0.948659872,FALSE,TRUE,TRUE
102,40,102,T042_424463_DTH7_01/06/15,T042_424463_DTH7_01/06/15,T042_424463 DTH7 01/06/15,424463,424463,ear,DTH7,1/06/2015,Davies Creek,Upper Davies,Lamb Range,,,NA,NA,NA,,"labelled duplicate_2, but dist indicates not",TRUE,1,0.925367456,-17.0176499,145.5789833,4696,NA,M,,16.84,19,,,0.925367456,0.95598339,FALSE,TRUE,TRUE
103,41,103,T045_424570_DTF2_01/08/15,T045_424570_DTF2_01/08/15,T045_424570 DTF2 01/08/15,424570,424570,ear,DTF2,1/08/2015,Davies Creek,Upper Davies,Lamb Range,,,NA,NA,NA,,,TRUE,1,0.922704479,-17.0221333,145.5836833,4696,NA,M,,42,69,,,0.922704479,0.953567384,FALSE,TRUE,TRUE
104,42,104,T047_425290_DTB7_03/08/15,T047_425290_DTB7_03/08/15,T047_425290 DTB7 03/08/15,425290,425290,ear,DTB7,3/08/2015,Davies Creek,Upper Davies,Lamb Range,,,NA,NA,NA,,,TRUE,1,0.926681653,-17.02268,145.5858,4696,NA,F,,33.8,15,,,0.926681653,0.959154398,FALSE,TRUE,TRUE
105,43,105,T051_424253_DTE2_28/11/14,T051_424253_DTE2_28/11/14,T051_424253 DTE2 28/11/14,424253,424253,ear,DTE2,28/11/2014,Davies Creek,Upper Davies,Lamb Range,,,NA,NA,NA,,,TRUE,1,0.9352931,-17.0254833,145.5847166,4696,NA,F,,21,64,,,0.9352931,0.955228388,FALSE,TRUE,TRUE
106,44,106,T052_424213_DTF8_2/12/14,T052_424213_DTF8_2/12/14,T052_424213 DTF8 2/12/14,424213,424213,ear,DTF8,2/12/2014,Davies Creek,Upper Davies,Lamb Range,accidental first order,NA,19.44,6,E,,duplicated within first order - removed due to duplicate microchip no and low quality,FALSE,0,0.628566488,-17.0242333,145.5791666,4696,NA,M,,20.8,73,,low quality - removed if using 'prefilt' ind call rate filtering,0.628566488,0.882370706,FALSE,FALSE,TRUE
107,45,107,T053_425096_DTF8_29/11/14,T053_425096_DTF8_29/11/14,T053_425096 DTF8 29/11/14,425096,425096,ear,DTF8,29/11/2014,Davies Creek,Upper Davies,Lamb Range,,,NA,NA,NA,,,TRUE,1,0.928410859,-17.0242333,145.5791666,4696,NA,F,,42.2,23,,,0.928410859,0.953265383,FALSE,TRUE,TRUE
108,46,108,T194_438104_TTD6_26/11/16,T194_438104_TTD6_26/11/16,T194_438104 TTD6 26/11/16,438104,438104,ear,DT,26/11/2016,Davies Creek,Upper Davies,Lamb Range,,,NA,NA,NA,,Changed!! Was Tinaroo but from Davies sample bag. Must be different individual to whats on label,TRUE,1,0.923154072,-17.021,145.583,4696,NA,M,,30,39,Changed!! Was Tinaroo but from Davies sample bag,,0.923154072,0.954473386,FALSE,TRUE,TRUE
109,47,109,T195_707099_DTH8_03/06/16,T195_707099_DTH8_03/06/16,T195_707099 DTH8 03/06/16,707099,707099,ear,DTH8,3/06/2016,Davies Creek,Upper Davies,Lamb Range,,,NA,NA,NA,,,TRUE,1,0.811101504,-17.0178499,145.5779333,4696,A,F,,20,25,,,0.811101504,0.897395243,FALSE,TRUE,TRUE
110,48,110,T196_424889_DTA7_03/06/16,T196_424889_DTA7_03/06/16,T196_424889 DTA7 03/06/16,424889,424889,ear,DTA7,3/06/2016,Davies Creek,Upper Davies,Lamb Range,,,NA,NA,NA,,,TRUE,1,0.926508732,-17.0301666,145.5813333,4696,NA,F,,27.4,20,,,0.926508732,0.952812382,FALSE,TRUE,TRUE
111,49,111,T198_424762_DTA1_03/08/16,T198_424762_DTA1_03/08/16,T198_424762 DTA1 03/08/16,424762,424762,ear,DTA1,3/08/2016,Davies Creek,Upper Davies,Lamb Range,,,NA,NA,NA,,,TRUE,1,0.918450631,-17.02619417,145.5859666,4696,NA,M,,60,50,,,0.918450631,0.954322386,FALSE,TRUE,TRUE
112,50,112,T199_707252_DTF3_04/08/16,T199_707252_DTF3_04/08/16,T199_707252 DTF3 04/08/16,707252,707252,ear,DTF3,4/08/2016,Davies Creek,Upper Davies,Lamb Range,,,NA,NA,NA,,,TRUE,1,0.930001729,-17.0222833,145.5828333,4696,NA,M,,18.9,21,,,0.930001729,0.956436391,FALSE,TRUE,TRUE
113,51,113,T200_912738_DTF8_05/08/16,T200_912738_DTF8_05/08/16,T200_912738 DTF8 05/08/16,912738,912738,ear,DTF8,5/08/2016,Davies Creek,Upper Davies,Lamb Range,,,NA,NA,NA,,,TRUE,1,0.90662286,-17.0242333,145.5791666,4696,NA,M,,14.4,22,,,0.90662286,0.953265383,FALSE,TRUE,TRUE
114,53,114,103899_ETD1_24/05/16,103899_ETD1_24/05/16,103899 ETD1 24/05/16,103899,103899,ear,ETD1,24/05/2016,Emu Creek,Emu Creek,Lamb Range,,,NA,NA,NA,,,TRUE,1,0.935535189,-17.10500143,145.5257643,4696,NA,F,,13.5,106,,,0.935535189,0.956738392,FALSE,TRUE,TRUE
115,54,115,112726_ETA7_09/11/16,112726_ETA7_09/11/16,112726 ETA7 09/11/16,112726,112726,ear,ETA7,9/11/2016,Emu Creek,Emu Creek,Lamb Range,,,NA,NA,NA,,,TRUE,1,0.930070897,-17.10346667,145.52205,4696,NA,F,,36,96,,,0.930070897,0.957644394,FALSE,TRUE,TRUE
116,55,116,112748_ETA1_20/08/16,112748_ETA1_20/08/16,112748 ETA1 20/08/16,112748,112748,ear,ETA1,20/08/2016,Emu Creek,Emu Creek,Lamb Range,,,NA,NA,NA,,,TRUE,1,0.937402732,-17.09925,145.5235833,4696,NA,M,,30,88,,,0.937402732,0.957191393,FALSE,TRUE,TRUE
167,106,167,93_424753_ETC1_13Oct21,93_424753_ETC1_13Oct21,93_424753_ETC1_13Oct21,424753,424753,ear,ETC1,13/10/2021,Emu Creek,Emu Creek,Lamb Range,rep test,new sample,13.56,16,A,,reproducibility test - AWC resampled,FALSE,1,0.905274079,-17.10361667,145.526,6213,NA,,,NA,288,,,0.905274079,0.960513401,FALSE,FALSE,TRUE
149,88,149,52_248095_ETF7_14Oct20,52_248095_ETF7_14Oct20,52_248095_ETF7_14Oct20,248095,248095,ear,ETF7,14/10/2020,Emu Creek,Emu Creek,Lamb Range,,,NA,NA,NA,,,TRUE,1,0.870793706,-17.10133333,145.5316,6213,NA,,,NA,249,,,0.870793706,0.954322386,FALSE,TRUE,TRUE
119,58,119,424261_ETE4_08/11/16,424261_ETE4_08/11/16,424261 ETE4 08/11/16,424261,424261,ear,ETE4,8/11/2016,Emu Creek,Emu Creek,Lamb Range,checking issues,fresh extraction,67.38,7,B,no change,suspected duplicate - subsequently re extracted,FALSE,0,0.932733875,-17.10898333,145.5253667,4696,NA,M,,30,113,,,0.932733875,0.958625897,TRUE,FALSE,TRUE
120,59,120,424391_ETB4_09/11/16,424391_ETB4_09/11/16,424391 ETB4 09/11/16,424391,424391,ear,ETB4,9/11/2016,Emu Creek,Emu Creek,Lamb Range,,,NA,NA,NA,,,TRUE,1,0.928618364,-17.10225,145.5281833,4696,NA,F,,55,100,,,0.928618364,0.955228388,FALSE,TRUE,TRUE
121,60,121,424577_ETD2_08/11/16,424577_ETD2_08/11/16,424577 ETD2 08/11/16,424577,424577,ear,ETD2,8/11/2016,Emu Creek,Emu Creek,Lamb Range,,,NA,NA,NA,,,TRUE,1,0.931419678,-17.10541667,145.5263333,4696,NA,M,,28,108,,,0.931419678,0.956964892,FALSE,TRUE,TRUE
132,71,132,425101_ETF5_20/05/16,425101_ETF5_20/05/16,425101 ETF5 20/05/16,425101,425101,ear,ETF5,20/05/2016,Emu Creek,Emu Creek,Lamb Range,,,NA,NA,NA,,,TRUE,1,0.93193844,-17.10028889,145.5300722,4696,NA,M,,55,121,,,0.93193844,0.953265383,FALSE,TRUE,TRUE
123,62,123,424753_ETD1_07/11/16,424753_ETD1_07/11/16,424753 ETD1 07/11/16,424753,424753,ear,ETD1,7/11/2016,Emu Creek,Emu Creek,Lamb Range,rep test,new sample,13.56,16,A,,subsequent reproducibility tested,TRUE,0,0.931108421,-17.10500143,145.5257643,4696,NA,M,,17,105,,,0.931108421,0.955605889,FALSE,TRUE,TRUE
124,63,124,424779_ETE4_02/11/15,424779_ETE4_02/11/15,424779 ETE4 02/11/15,424779,425098,ear,ETE4,2/11/2015,Emu Creek,Emu Creek,Lamb Range,rep test,new sample,8,17,A,,subsequent reproducibility tested,TRUE,0,0.936053951,-17.10898333,145.5253667,4696,NA,F,A,60,116,,,0.936053951,0.95590789,FALSE,TRUE,TRUE
125,64,125,424786_ETB2_18/02/15,424786_ETB2_18/02/15,424786 ETB2 18/02/15,424786,424786,ear,ETB2,18/02/2015,Emu Creek,Emu Creek,Lamb Range,,,NA,NA,NA,,,TRUE,1,0.929448383,-17.10118333,145.5268333,4696,NA,F,,31,97,,,0.929448383,0.954397886,FALSE,TRUE,TRUE
126,65,126,424846_ET_May16,424846_ET_May16,424846 ET May16,424846,424846,ear,ETG7,20/05/2016,Emu Creek,Emu Creek,Lamb Range,,,NA,NA,NA,,"no trap on sample but first capture matches approx date 'May 16', so used exact date and location of first capture",TRUE,1,0.929655888,-17.10776667,145.5344,4696,NA,M,,15,86,"no trap on sample but first capture matches approx date 'May 16', so used exact date and location of first capture",,0.929655888,0.954171385,FALSE,TRUE,TRUE
127,66,127,424892_ETA6_09/11/16,424892_ETA6_09/11/16,424892 ETA6 09/11/16,424892,424892,ear,ETA6,9/11/2016,Emu Creek,Emu Creek,Lamb Range,,,65.27,19,C,no change,,TRUE,1,0.905308663,-17.1025912,145.522396,4696,NA,M,,38,95,,,0.905308663,0.951151378,TRUE,TRUE,TRUE
128,67,128,424898_ETD5_05/11/16,424898_ETD5_05/11/16,424898 ETD5 05/11/16,424898,424898,ear,ETD5,5/11/2016,Emu Creek,Emu Creek,Lamb Range,,,NA,NA,NA,,,TRUE,1,0.932215113,-17.10765,145.52775,4696,NA,F,,30,110,,,0.932215113,0.959154398,FALSE,TRUE,TRUE
181,119,181,T142_453371_ETC2_02/11/15,T142_453371_ETC2_02/11/15,T142_453371 ETC2 02/11/15,453371,453371,ear,ETC2,2/11/2015,Emu Creek,Emu Creek,Lamb Range,accidental first order,NA,63.25,29,C,no change,"labelled duplicate (same microchip), but dist indicates not - Euc dist of 55 (sorted with B and C swapof other samples)",TRUE,1,0.907556632,-17.10411667,145.5267833,4696,NA,M,J,24.8,30,YAF of 24474,,0.907556632,0.946168365,TRUE,TRUE,TRUE
130,69,130,425008_ETE3_07/11/16,425008_ETE3_07/11/16,425008 ETE3 07/11/16,425008,425008,ear,ETE3,7/11/2016,Emu Creek,Emu Creek,Lamb Range,rep test,fresh extraction,11.66,20,A,,subsequent reproducibility tested,TRUE,1,0.932076777,-17.10808333,145.5251389,4696,NA,M,,47.6,112,,,0.932076777,0.954624387,FALSE,TRUE,TRUE
131,70,131,425098_ETE4_Nov_2016,425098_ETE4_Nov_2016,425098 ETE4 ?Nov 2016,425098,425098,ear,ETE4,1/11/2016,Emu Creek,Emu Creek,Lamb Range,checking issues,fresh extraction,8.37,17,A,,suspected duplicate - subsequently re extracted,FALSE,0,0.926681653,-17.10898333,145.5253667,4696,NA,F,,60,114,,,0.926681653,0.951679879,FALSE,FALSE,TRUE
139,78,139,438095_ETF5_07/11/16,438095_ETF5_07/11/16,438095 ETF5 07/11/16,438095,438095,ear,ETF5,7/11/2016,Emu Creek,Emu Creek,Lamb Range,,,NA,NA,NA,,,TRUE,1,0.930382155,-17.10028889,145.5300722,4696,NA,F,,42,120,,,0.930382155,0.956587391,FALSE,TRUE,TRUE
133,72,133,71_424261_ETE4_08Nov16,425167_ETA3_17/08/16,71_424261_ETE4_08Nov16,425167,425167,ear,ETA3,17/08/2016,Emu Creek,Emu Creek,Lamb Range,,,NA,7,B,swap all details,,TRUE,1,0.893930486,-17.10073333,145.5233167,6213,NA,F,,NA,90,,,0.893930486,0.957266893,TRUE,TRUE,FALSE
134,73,134,425203_ETE4_24/05/16,425203_ETE4_24/05/16,425203 ETE4 24/05/16,425203,425203,ear,ETE4,24/05/2016,Emu Creek,Emu Creek,Lamb Range,,,NA,NA,NA,,,TRUE,1,0.926785405,-17.10898333,145.5253667,4696,NA,M,,60,115,,,0.926785405,0.955152888,FALSE,TRUE,TRUE
135,74,135,425379_ETA5_08/11/16,425379_ETA5_08/11/16,425379 ETA5 08/11/16,425379,425379,ear,ETA5,8/11/2016,Emu Creek,Emu Creek,Lamb Range,,,NA,NA,NA,,,TRUE,1,0.910669203,-17.1020205,145.522765,4696,NA,F,,60,92,,,0.910669203,0.950547376,FALSE,TRUE,TRUE
136,75,136,425393_ETH2_21/05/15,425393_ETH2_21/05/15,425393 ETH2 21/05/15,425393,425393,ear,ETH2,21/05/2015,Emu Creek,Emu Creek,Lamb Range,,,NA,NA,NA,,,TRUE,1,0.929275463,-17.10641667,145.53625,4696,NA,M,A,58.4,125,,,0.929275463,0.956436391,FALSE,TRUE,TRUE
137,76,137,43_424474_ETA4_13Oct20,43_424474_ETA4_13Oct20,43_424474_ETA4_13Oct20,424474,424474,ear,ETA4,13/10/2020,Emu Creek,Emu Creek,Lamb Range,checking issues,fresh extraction,30.46,11,E,,last time QC removed indiviudal - AWC resampled,TRUE,1,0.899844371,-17.10142429,145.5237524,6213,NA,F,,NA,240,,,0.899844371,0.956587391,FALSE,TRUE,TRUE
138,77,138,431905_ETB5_09/11/16,431905_ETB5_09/11/16,431905 ETB5 09/11/16,431905,431905,ear,ETB5,9/11/2016,Emu Creek,Emu Creek,Lamb Range,,,NA,NA,NA,,,TRUE,1,0.930312986,-17.10274875,145.5290458,4696,NA,M,,60,101,,,0.930312986,0.95605889,FALSE,TRUE,TRUE
267,253,267,T142_453371_ETC2_02/11/15_2,T072_423800_ETF3_20/02/15,T142_453371 ETC2 02/11/15,423800,423900,ear,ETF3,20/02/2015,Emu Creek,Emu Creek,Lamb Range,,,NA,29,B,copy details from T072_423800_ETF3_20/02/15,"swapped B and C, also microchip misspelt 423900 not 423800! 7/7/22 This is the sample causing discrepancies in Emu and Tin sample sizes - EMU CREEK is the correct pop ",TRUE,1,0.926958326,-17.09943,145.5285,4696,NA,M,A,24,119,423900 not 423800!,,0.926958326,0.953567384,TRUE,TRUE,FALSE
122,61,122,424748_ETF2_09/11/16,424748_ETF2_09/11/16,424748 ETF2 09/11/16,424748,424748,ear,ETF2,9/11/2016,Emu Creek,Emu Creek,Lamb Range,,,NA,NA,NA,,,TRUE,1,0.917482276,-17.09926667,145.5276,4696,NA,F,,35,118,,,0.917482276,0.954095885,FALSE,TRUE,TRUE
141,80,141,45_242778_ETH7_13Oct20,45_242778_ETH7_13Oct20,45_242778_ETH7_13Oct20,242778,242778,ear,ETH7,13/10/2020,Emu Creek,Emu Creek,Lamb Range,,,NA,NA,NA,,,TRUE,1,0.896455127,-17.11168333,145.5369,6213,NA,,,NA,242,,,0.896455127,0.954322386,FALSE,TRUE,TRUE
142,81,142,453311_ETD4_08/11/16,453311_ETD4_08/11/16,453311 ETD4 08/11/16,453311,453311,ear,ETD4,8/11/2016,Emu Creek,Emu Creek,Lamb Range,,,NA,NA,NA,,,TRUE,1,0.929275463,-17.10701667,145.5271,4696,NA,F,,33.8,109,,,0.929275463,0.954020385,FALSE,TRUE,TRUE
143,82,143,46_247955_ETA1_16Oct20,46_247955_ETA1_16Oct20,46_247955_ETA1_16Oct20,247955,247955,ear,ETA1,16/10/2020,Emu Creek,Emu Creek,Lamb Range,,,NA,NA,NA,,,TRUE,1,0.892823794,-17.09925,145.5235833,6213,NA,,,NA,243,,,0.892823794,0.956436391,FALSE,TRUE,TRUE
144,83,144,47_248031_ETB5_13Oct20,47_248031_ETB5_13Oct20,47_248031_ETB5_13Oct20,248031,248031,ear,ETB5,13/10/2020,Emu Creek,Emu Creek,Lamb Range,,,NA,NA,NA,,,TRUE,1,0.893688397,-17.10274875,145.5290458,6213,NA,,,NA,244,,,0.893688397,0.956662892,FALSE,TRUE,TRUE
145,84,145,48_248036_ETB7_13Oct20,48_248036_ETB7_13Oct20,48_248036_ETB7_13Oct20,248036,248036,ear,ETB7,13/10/2020,Emu Creek,Emu Creek,Lamb Range,,,NA,NA,NA,,,TRUE,1,0.891820854,-17.10359208,145.5306833,6213,NA,,,NA,245,,,0.891820854,0.953869385,FALSE,TRUE,TRUE
146,85,146,49_248038_ETD5_16Oct20,49_248038_ETD5_16Oct20,49_248038_ETD5_16Oct20,248038,248038,ear,ETD5,16/10/2020,Emu Creek,Emu Creek,Lamb Range,,,NA,NA,NA,,,TRUE,1,0.903579457,-17.10765,145.52775,6213,NA,,,NA,246,,,0.903579457,0.955379388,FALSE,TRUE,TRUE
147,86,147,50_248064_ETD5_16Oct20,50_248064_ETD5_16Oct20,50_248064_ETD5_16Oct20,248064,248064,ear,ETD5,16/10/2020,Emu Creek,Emu Creek,Lamb Range,,,NA,NA,NA,,,TRUE,1,0.89731973,-17.10765,145.52775,6213,NA,,,NA,247,,,0.89731973,0.954926387,FALSE,TRUE,TRUE
148,87,148,51_248066_ETB4_13Oct20,51_248066_ETB4_13Oct20,51_248066_ETB4_13Oct20,248066,248066,ear,ETB4,13/10/2020,Emu Creek,Emu Creek,Lamb Range,,,NA,NA,NA,,,TRUE,1,0.887082829,-17.10225,145.5281833,6213,NA,,,NA,248,,,0.887082829,0.953793884,FALSE,TRUE,TRUE
118,57,118,424203_ETF1_09/11/16,424203_ETF1_09/11/16,424203 ETF1 09/11/16,424203,424203,ear,ETF1,9/11/2016,Emu Creek,Emu Creek,Lamb Range,,,NA,NA,NA,,,TRUE,1,0.928929621,-17.09873333,145.5268333,4696,NA,M,,27.5,117,,,0.928929621,0.953642884,FALSE,TRUE,TRUE
140,79,140,44_242776_ETF1_16Oct20,44_242776_ETF1_16Oct20,44_242776_ETF1_16Oct20,242776,242776,ear,ETF1,16/10/2020,Emu Creek,Emu Creek,Lamb Range,,,NA,NA,NA,,,TRUE,1,0.883555248,-17.09873333,145.5268333,6213,NA,,,NA,241,,,0.883555248,0.956285391,FALSE,TRUE,TRUE
151,90,151,54_248124_ETD2_16Oct20,54_248124_ETD2_16Oct20,54_248124_ETD2_16Oct20,248124,248124,ear,ETD2,16/10/2020,Emu Creek,Emu Creek,Lamb Range,,,NA,NA,NA,,,TRUE,1,0.892547121,-17.10541667,145.5263333,6213,NA,,,NA,251,,,0.892547121,0.955228388,FALSE,TRUE,TRUE
152,91,152,55_248129_ETA7_14Oct20,55_248129_ETA7_14Oct20,55_248129_ETA7_14Oct20,248129,248129,ear,ETA7,14/10/2020,Emu Creek,Emu Creek,Lamb Range,,,NA,NA,NA,,,TRUE,1,0.92087152,-17.10346667,145.52205,6213,NA,,,NA,252,,,0.92087152,0.954548886,FALSE,TRUE,TRUE
153,92,153,56_248159_ETA5_16Oct20,56_248159_ETA5_16Oct20,56_248159_ETA5_16Oct20,248159,248159,ear,ETA5,16/10/2020,Emu Creek,Emu Creek,Lamb Range,,,NA,NA,NA,,,TRUE,1,0.920145253,-17.1020205,145.522765,6213,NA,,,NA,253,,,0.920145253,0.953114383,FALSE,TRUE,TRUE
154,93,154,694393_ETD5_20/05/16,694393_ETD5_20/05/16,694393 ETD5 20/05/16,694393,694393,ear,ETD5,20/05/2016,Emu Creek,Emu Creek,Lamb Range,,,NA,NA,NA,,,TRUE,1,0.937160643,-17.10765,145.52775,4696,NA,F,,30,111,,,0.937160643,0.956889392,FALSE,TRUE,TRUE
155,94,155,707118_ETB3_06/11/16,707118_ETB3_06/11/16,707118 ETB3 06/11/16,707118,707118,ear,ETB3,6/11/2016,Emu Creek,Emu Creek,Lamb Range,,,NA,NA,NA,,,TRUE,1,0.932318866,-17.10163333,145.5275167,4696,NA,M,,30,98,,,0.932318866,0.956436391,FALSE,TRUE,TRUE
156,95,156,707195_ETA1_05/11/15,707195_ETA1_05/11/15,707195 ETA1 05/11/15,707195,707195,ear,ETA1,5/11/2015,Emu Creek,Emu Creek,Lamb Range,,,NA,NA,NA,,,TRUE,1,0.927027494,-17.09925,145.5235833,4696,NA,M,A,27.4,87,,,0.927027494,0.955454889,FALSE,TRUE,TRUE
157,96,157,707196_ETB5_24/05/16,707196_ETB5_24/05/16,707196 ETB5 24/05/16,707196,707196,ear,ETB5,24/05/2016,Emu Creek,Emu Creek,Lamb Range,,,NA,NA,NA,,,TRUE,1,0.917828117,-17.10274875,145.5290458,4696,NA,F,,60,102,,,0.917828117,0.955454889,FALSE,TRUE,TRUE
158,97,158,707320_ETH3_17/08/16,707320_ETH3_17/08/16,707320 ETH3 17/08/16,707320,707320,ear,ETH3,17/08/2016,Emu Creek,Emu Creek,Lamb Range,,,NA,NA,NA,,,TRUE,1,0.921355698,-17.10748333,145.53655,4696,NA,M,,NA,126,,,0.921355698,0.955379388,FALSE,TRUE,TRUE
159,98,159,425167_ETA3_17/08/16,71_424261_ETE4_08Nov16,425167 ETA3 17/08/16,424261,424261,ear,ETE4,8/11/2016,Emu Creek,Emu Creek,Lamb Range,checking issues,fresh extraction,67.38,7,C,swap all details,re-extraction of sample from last time - suspected duplicate,TRUE,1,0.938232751,-17.10898333,145.5253667,4696,NA,M,,32.2,268,,,0.938232751,0.958776897,TRUE,TRUE,FALSE
160,99,160,72_425098_ETE4_07Nov16,72_425098_ETE4_07Nov16,72_425098_ETE4_07Nov16,425098,425098,ear,ETE4,7/11/2016,Emu Creek,Emu Creek,Lamb Range,checking issues,fresh extraction,8.37,17,A,,re-extraction of sample from last time - suspected duplicate,FALSE,1,0.891405845,-17.10898333,145.5253667,6213,NA,F,,NA,269,,,0.891405845,0.955379388,FALSE,FALSE,TRUE
161,100,161,77_425008_ETE3_07Nov16,77_425008_ETE3_07Nov16,77_425008_ETE3_07Nov16,425008,425008,ear,ETE3,7/11/2016,Emu Creek,Emu Creek,Lamb Range,rep test,fresh extraction,11.66,20,A,,reproducibility test - old WWF sample re extracted,FALSE,0,0.864948988,-17.10808333,145.5251389,6213,NA,M,,NA,274,,,0.864948988,0.956360891,FALSE,FALSE,TRUE
162,101,162,79_424779_ETE4_15Oct20,79_424779_ETE4_15Oct20,79_424779_ETE4_15Oct20,424779,425098,ear,ETE4,15/10/2020,Emu Creek,Emu Creek,Lamb Range,rep test,new sample,8,17,A,,reproducibility test - AWC resampled,FALSE,1,0.877848867,-17.10898333,145.5253667,6213,NA,F,,NA,276,,,0.877848867,0.954246886,FALSE,FALSE,TRUE
163,102,163,84_425438_ETB5_19Aug15,84_425438_ETB5_19Aug15,84_425438_ETB5_19Aug15,425438,425438,hair,ETB5,19/08/2015,Emu Creek,Emu Creek,Lamb Range,hair pilot,new sample,12.57,28,A,,hair pilot - have tissue,FALSE,0,0.840913021,-17.10274875,145.5290458,6213,NA,,,NA,279,,,0.840913021,0.953114383,FALSE,FALSE,TRUE
164,103,164,85_424479_ETA4_22Aug15,85_424479_ETA4_22Aug15,85_424479_ETA4_22Aug15,424479,424479,hair,ETA4,22/08/2015,Emu Creek,Emu Creek,Lamb Range,hair pilot,new sample,20.64,12,E,,hair pilot - have tissue,FALSE,0,0.850354487,-17.10142429,145.5237524,6213,NA,,,NA,280,,,0.850354487,0.956436391,FALSE,FALSE,TRUE
166,105,166,87_424626_ETC5_19Aug15,87_424626_ETC5_19Aug15,87_424626_ETC5_19Aug15,424626,424626,hair,ETC5,19/08/2015,Emu Creek,Emu Creek,Lamb Range,,,NA,NA,NA,,hair - not previously sequenced!,TRUE,1,0.823378869,-17.10601667,145.5287167,6213,NA,,,NA,282,,,0.823378869,0.948886372,FALSE,TRUE,TRUE
117,56,117,424136_ETC6_18/08/16,424136_ETC6_18/08/16,424136 ETC6 18/08/16,424136,424136,ear,ETC6,18/08/2016,Emu Creek,Emu Creek,Lamb Range,,,NA,NA,NA,,,TRUE,1,0.937748573,-17.10665,145.5293833,4696,NA,M,,25.4,103,,,0.937748573,0.956285391,FALSE,TRUE,TRUE
129,68,129,424942_ETC7_21/05/16,424942_ETC7_21/05/16,424942 ETC7 21/05/16,424942,424942,ear,ETC7,21/05/2016,Emu Creek,Emu Creek,Lamb Range,,,NA,NA,NA,,,TRUE,1,0.928549196,-17.10745,145.5296333,4696,NA,F,,30,104,,,0.928549196,0.956436391,FALSE,TRUE,TRUE
168,106,168,T010_424595_ETA5_16/11/14,T010_424595_ETA5_16/11/14,T010_424595 ETA5 16/11/14,424595,424595,ear,ETA5,16/11/2014,Emu Creek,Emu Creek,Lamb Range,,,NA,NA,NA,,,TRUE,1,0.936088535,-17.1020205,145.522765,4696,NA,M,,30,91,,,0.936088535,0.958701397,FALSE,TRUE,TRUE
169,107,169,T015_424183_ETH_19/08/15,T015_424183_ETH_19/08/15,T015_424183 ETH 19/08/15,424183,424183,ear,ETH7,19/08/2015,Emu Creek,Emu Creek,Lamb Range,,,NA,NA,NA,,,TRUE,1,0.912087152,-17.11168333,145.5369,4696,NA,M,A,19,124,Left in tree for Tegan to collar,,0.912087152,0.950320876,FALSE,TRUE,TRUE
170,108,170,T017_443189_ETG5_22/08/15,T017_443189_ETG5_22/08/15,T017_443189 ETG5 22/08/15,443189,443189,ear,ETG5,22/08/2015,Emu Creek,Emu Creek,Lamb Range,,,NA,NA,NA,,,TRUE,1,0.926958326,-17.1069975,145.5326,4696,NA,M,J,28.2,33,,,0.926958326,0.957342393,FALSE,TRUE,TRUE
171,109,171,T018_424479_ETA6_21/08/15,T018_424479_ETA6_21/08/15,T018_424479 ETA6 21/08/15,424479,424479,ear,ETA6,21/08/2015,Emu Creek,Emu Creek,Lamb Range,hair pilot,new sample,20.64,12,E,,hair subsequently sequenced,TRUE,1,0.873352931,-17.1025912,145.522396,4696,NA,M,,17,93,,,0.873352931,0.929784824,FALSE,TRUE,TRUE
172,110,172,T019_431863_ETH6_22/08/15,T019_431863_ETH6_22/08/15,T019_431863 ETH6 22/08/15,431863,431863,ear,ETH6,22/08/2015,Emu Creek,Emu Creek,Lamb Range,,,NA,NA,NA,,,TRUE,1,0.799861663,-17.11045,145.5369,4696,NA,F,,30,34,,low quality - removed if using 'prefilt' ind call rate filtering,0.799861663,0.869384673,FALSE,TRUE,TRUE
173,111,173,T056_424395_ETB4_18/02/15,T056_424395_ETB4_18/02/15,T056_424395 ETB4 18/02/15,424395,424395,ear,ETB4,18/02/2015,Emu Creek,Emu Creek,Lamb Range,,,NA,NA,NA,,,TRUE,1,0.921009856,-17.10225,145.5281833,4696,NA,M,,13,99,,,0.921009856,0.954775387,FALSE,TRUE,TRUE
174,112,174,T060_424842_ETA5_18/02/15,T057_425285_ETB2_19/02/15,T060_424842 ETA5 18/02/15,425285,425285,ear,ETB2,19/02/2015,Emu Creek,Emu Creek,Lamb Range,,,NA,19,B,swap all details,,TRUE,1,0.927788345,-17.10118333,145.5268333,4696,NA,M,,60,28,,,0.927788345,0.95613439,TRUE,TRUE,FALSE
175,113,175,T058_424878_ET7,T058_424878_ET7,T058_424878 ET7,424878,424878,ear,ETE2,18/02/2015,Emu Creek,Emu Creek,Lamb Range,,,NA,NA,NA,,"no date on sample and no records matching trap 'ET7', so used date and location of first capture",TRUE,1,0.824693066,-17.10728333,145.5251167,4696,NA,F,,41.8,26,"no date on sample and no records matching trap 'ET7', so used date and location of first capture",,0.824693066,0.907210268,FALSE,TRUE,TRUE
176,114,176,T057_425285_ETB2_19/02/15,T060_424842_ETA5_18/02/15,T057_425285 ETB2 19/02/15,424842,424892,ear,ETA5,18/02/2015,Emu Creek,Emu Creek,Lamb Range,,,65.27,19,C,swap all details,Microchip2 = correct,FALSE,1,0.83344285,-17.1020205,145.522765,4696,NA,M,A,44.4,27,no cage trap record found for number 424842 - date and trap indicate it should be 424892,,0.83344285,0.899207248,TRUE,FALSE,FALSE
177,115,177,T062_425438_ETB7_21/05/15,T062_425438_ETB7_21/05/15,T062_425438 ETB7 21/05/15,425438,425438,ear,ETB7,21/05/2015,Emu Creek,Emu Creek,Lamb Range,hair pilot,new sample,12.57,28,A,,hair subsequently sequenced,TRUE,1,0.923845755,-17.10359208,145.5306833,4696,NA,F,A,9.6,29,,,0.923845755,0.95605889,FALSE,TRUE,TRUE
178,116,178,T065_424474_ETD2_21/05/15,T065_424474_ETD2_21/05/15,T065_424474 ETD2 21/05/15,424474,424474,ear,ETD2,21/05/2015,Emu Creek,Emu Creek,Lamb Range,checking issues,fresh extraction,30.46,11,E,,failed QC filtering - subsequent resequening new sample,FALSE,0,0.702472765,-17.10541667,145.5263333,4696,NA,F,,15,107,,low quality - removed during any ind call rate filtering,0.702472765,0.770026425,FALSE,FALSE,TRUE
179,117,179,T069_423897_ETG2_21/02/15,T069_423897_ETG2_21/02/15,T069_423897 ETG2 21/02/15,423897,423897,ear,ETG2,21/02/2015,Emu Creek,Emu Creek,Lamb Range,,,NA,NA,NA,,,TRUE,1,0.929137126,-17.10493333,145.5321,4696,NA,F,,26,122,,,0.929137126,0.953944885,FALSE,TRUE,TRUE
180,118,180,T078_424224_ETA6_17/11/14,T078_424224_ETA6_17/11/14,T078_424224 ETA6 17/11/14,424224,424224,ear,ETA6,17/11/2014,Emu Creek,Emu Creek,Lamb Range,,,NA,NA,NA,,,TRUE,1,0.932595539,-17.1025912,145.522396,4696,NA,F,,35,94,,,0.932595539,0.958474896,FALSE,TRUE,TRUE
244,230,244,425407_TTH2_24/10/15,425407_TTH2_24/10/15,425407 TTH2 24/10/15,425407,425407,ear,TTH2,24/10/2015,Tinaroo,Tinaroo,Lamb Range,,,NA,29,B,no change,,FALSE,1,0.888258689,-17.164632,145.528444,4696,NA,F,A,29.6,183,both M & F recorded on same date??,,0.888258689,0.933861835,TRUE,FALSE,TRUE
182,120,182,424685_TTT6_03/04/16,T143_424249_ETA2_03/11/15,424685 TTT6 03/04/16,424249,424249,ear,ETA2,3/11/2015,Emu Creek,Emu Creek,Lamb Range,,,NA,15,B,swap all details,Changed pop with B and C swap!! Emu/Tin,TRUE,1,0.898357254,-17.10001667,145.5231667,4696,NA,M,A,51.6,89,young adult,,0.898357254,0.942770857,TRUE,TRUE,FALSE
183,121,183,T144_453365_ETE4_05/11/15,T144_453365_ETE4_05/11/15,T144_453365 ETE4 05/11/15,453365,453365,ear,ETE4,5/11/2015,Emu Creek,Emu Creek,Lamb Range,,,NA,NA,NA,,,TRUE,1,0.926647069,-17.10898333,145.5253667,4696,NA,M,J,25.5,32,YAF of 24878,,0.926647069,0.953567384,FALSE,TRUE,TRUE
184,122,184,unchipped_ETG3_09/11/16,unchipped_ETG3_09/11/16,unchipped ETG3 09/11/16,unchipped,unchipped,ear,ETG3,9/11/2016,Emu Creek,Emu Creek,Lamb Range,,,NA,NA,NA,,,TRUE,1,0.881203528,-17.10580421,145.5318947,4696,NA,F,,60,123,,,0.881203528,0.944960362,FALSE,TRUE,TRUE
185,171,185,01_242765_TTH7_21Oct20,01_242765_TTH7_21Oct20,01_242765_TTH7_21Oct20,242765,242765,ear,TTH7,21/10/2020,Tinaroo,Tinaroo,Lamb Range,,,NA,NA,NA,,,TRUE,1,0.919833996,-17.161316,145.531344,6213,NA,,,NA,196,,,0.919833996,0.953944885,FALSE,TRUE,TRUE
186,172,186,02_242766_TTH3_21Oct20,02_242766_TTH3_21Oct20,02_242766_TTH3_21Oct20,242766,242766,ear,TTH3,21/10/2020,Tinaroo,Tinaroo,Lamb Range,,,NA,NA,NA,,,TRUE,1,0.925886218,-17.163768,145.528731,6213,NA,,,NA,197,,,0.925886218,0.955756889,FALSE,TRUE,TRUE
187,173,187,03_242767_TTH4_21Oct20_1,03_242767_TTH4_21Oct20_1,03_242767_TTH4_21Oct20_1,242767,242767,ear,TTH4,21/10/2020,Tinaroo,Tinaroo,Lamb Range,checking issues,new sample,2.45,4,A,,2 biopsies in same vial,FALSE,1,0.924987031,-17.162996,145.52925,6213,NA,,,NA,198,,,0.924987031,0.9599094,FALSE,FALSE,TRUE
188,174,188,03_242767_TTH4_21Oct20_2,03_242767_TTH4_21Oct20_2,03_242767_TTH4_21Oct20_2,242767,242767,ear,TTH4,21/10/2020,Tinaroo,Tinaroo,Lamb Range,checking issues,new sample,2.45,4,A,,2 biopsies in same vial - this sample could have been dried out sitting in ear puncher,TRUE,0,0.926093723,-17.162996,145.52925,6213,NA,,,NA,199,,,0.926093723,0.959078898,FALSE,TRUE,TRUE
189,175,189,04_242768_TTG7_19Oct20,04_242768_TTG7_19Oct20,04_242768_TTG7_19Oct20,242768,242768,ear,TTG7,19/10/2020,Tinaroo,Tinaroo,Lamb Range,,,NA,NA,NA,,,TRUE,1,0.910427114,-17.16593,145.5381,6213,NA,,,NA,200,,,0.910427114,0.956738392,FALSE,TRUE,TRUE
190,176,190,05_242770_TTH6_19Oct20,05_242770_TTH6_19Oct20,05_242770_TTH6_19Oct20,242770,242770,ear,TTH6,19/10/2020,Tinaroo,Tinaroo,Lamb Range,,,NA,NA,NA,,,TRUE,1,0.925471209,-17.161525,145.530431,6213,NA,,,NA,201,,,0.925471209,0.958323896,FALSE,TRUE,TRUE
191,177,191,06_242901_TTB3_23Oct20,06_242901_TTB3_23Oct20,06_242901_TTB3_23Oct20,242901,242901,ear,TTB3,23/10/2020,Tinaroo,Tinaroo,Lamb Range,,,NA,NA,NA,,,TRUE,1,0.915960574,-17.16195,145.54166,6213,NA,,,NA,202,,,0.915960574,0.95583239,FALSE,TRUE,TRUE
192,178,192,07_242904_TTC3_23Oct20,07_242904_TTC3_23Oct20,07_242904_TTC3_23Oct20,242904,242904,ear,TTC3,23/10/2020,Tinaroo,Tinaroo,Lamb Range,,,NA,NA,NA,,,TRUE,1,0.922739063,-17.163544,145.538551,6213,NA,,,NA,203,,,0.922739063,0.956964892,FALSE,TRUE,TRUE
193,179,193,08_242905_TTB4_23Oct20,08_242905_TTB4_23Oct20,08_242905_TTB4_23Oct20,242905,242905,ear,TTB4,23/10/2020,Tinaroo,Tinaroo,Lamb Range,,,NA,NA,NA,,,TRUE,1,0.905516168,-17.16123,145.54211,6213,NA,,,NA,204,,,0.905516168,0.956436391,FALSE,TRUE,TRUE
194,180,194,09_242906_TTC1_21Oct20,09_242906_TTC1_21Oct20,09_242906_TTC1_21Oct20,242906,242906,ear,TTC1,21/10/2020,Tinaroo,Tinaroo,Lamb Range,,,NA,NA,NA,,,TRUE,1,0.881480201,-17.164211,145.539975,6213,NA,,,NA,205,,,0.881480201,0.951604379,FALSE,TRUE,TRUE
195,181,195,10_242908_TTG5_21Oct20,10_242908_TTG5_21Oct20,10_242908_TTG5_21Oct20,242908,242908,ear,TTG5,21/10/2020,Tinaroo,Tinaroo,Lamb Range,,,NA,NA,NA,,,TRUE,1,0.883693585,-17.166812,145.539814,6213,NA,,,NA,206,,,0.883693585,0.956813892,FALSE,TRUE,TRUE
196,182,196,11_242910_TTC1_20Oct20,11_242910_TTC1_20Oct20,11_242910_TTC1_20Oct20,242910,242910,ear,TTC1,20/10/2020,Tinaroo,Tinaroo,Lamb Range,,,NA,NA,NA,,,TRUE,1,0.889503718,-17.164211,145.539975,6213,NA,,,NA,207,,,0.889503718,0.955454889,FALSE,TRUE,TRUE
197,183,197,112732_TTF1_09/08/16,112732_TTF1_09/08/16,112732 TTF1 09/08/16,112732,112732,ear,TTF1,9/08/2016,Tinaroo,Tinaroo,Lamb Range,,,NA,NA,NA,,,TRUE,1,0.929552136,-17.167496,145.536248,4696,NA,M,,29,171,,,0.929552136,0.959758399,FALSE,TRUE,TRUE
198,184,198,112733_TTA2_23/11/16,112733_TTA2_23/11/16,112733 TTA2 23/11/16,112733,112733,ear,TTA2,23/11/2016,Tinaroo,Tinaroo,Lamb Range,rep test,fresh extraction,9.59,1,A,,subsequntly re sequenced,TRUE,0,0.919730244,-17.16008,145.54584,4696,NA,F,,60,142,,,0.919730244,0.949414874,FALSE,TRUE,TRUE
199,185,199,112744_TTF7_25/11/16,112744_TTF7_25/11/16,112744 TTF7 25/11/16,112744,112744,ear,TTF7,25/11/2016,Tinaroo,Tinaroo,Lamb Range,rep test,new sample,7.87,2,A,,subsequently re extracted,TRUE,0,0.932457202,-17.167159,145.53156,4696,NA,F,,29,177,,,0.932457202,0.959229898,FALSE,TRUE,TRUE
200,186,200,112746_TTH6_29/08/16,112746_TTH6_29/08/16,112746 TTH6 29/08/16,112746,112746,ear,TTH6,29/08/2016,Tinaroo,Tinaroo,Lamb Range,,,NA,NA,NA,,,TRUE,1,0.928134186,-17.161525,145.530431,4696,NA,F,,41.2,190,,,0.928134186,0.959305398,FALSE,TRUE,TRUE
201,187,201,112747_TTH7_29/08/16,112747_TTH7_29/08/16,112747 TTH7 29/08/16,112747,112747,ear,TTH7,29/08/2016,Tinaroo,Tinaroo,Lamb Range,,,NA,NA,NA,,,TRUE,1,0.909285838,-17.161316,145.531344,4696,NA,M,,68.16,194,,,0.909285838,0.950849377,FALSE,TRUE,TRUE
202,188,202,112757_TTD2_29/08/16,112757_TTD2_29/08/16,112757 TTD2 29/08/16,112757,112757,ear,TTD2,29/08/2016,Tinaroo,Tinaroo,Lamb Range,,,NA,NA,NA,,,TRUE,1,0.929137126,-17.166349,145.534741,4696,NA,M,,60,156,,,0.929137126,0.955681389,FALSE,TRUE,TRUE
203,189,203,112761_TTB7_23/11/16,112761_TTB7_23/11/16,112761 TTB7 23/11/16,112761,112761,ear,TTB7,23/11/2016,Tinaroo,Tinaroo,Lamb Range,,,NA,NA,NA,,,TRUE,1,0.916340999,-17.15892,145.54211,4696,NA,M,,36.5,150,,,0.916340999,0.955152888,FALSE,TRUE,TRUE
204,190,204,12_243131_TTH2_22Oct20,12_243131_TTH2_22Oct20,12_243131_TTH2_22Oct20,243131,243131,ear,TTH2,22/10/2020,Tinaroo,Tinaroo,Lamb Range,,,NA,NA,NA,,,TRUE,1,0.879820163,-17.164632,145.528444,6213,NA,,,NA,208,,,0.879820163,0.954322386,FALSE,TRUE,TRUE
205,191,205,13_243139_TTH7_23Oct20,13_243139_TTH7_23Oct20,13_243139_TTH7_23Oct20,243139,243139,ear,TTH7,23/10/2020,Tinaroo,Tinaroo,Lamb Range,,,NA,NA,NA,,,TRUE,1,0.872903337,-17.161316,145.531344,6213,NA,,,NA,209,,,0.872903337,0.953491884,FALSE,TRUE,TRUE
206,192,206,14_247952_TTB7_21Oct20,14_247952_TTB7_21Oct20,14_247952_TTB7_21Oct20,247952,247952,ear,TTB7,21/10/2020,Tinaroo,Tinaroo,Lamb Range,,,NA,NA,NA,,,TRUE,1,0.883140239,-17.15892,145.54211,6213,NA,,,NA,210,,,0.883140239,0.953718384,FALSE,TRUE,TRUE
207,193,207,15_248096_TTB2_20Oct20,15_248096_TTB2_20Oct20,15_248096_TTB2_20Oct20,248096,248096,ear,TTB2,20/10/2020,Tinaroo,Tinaroo,Lamb Range,,,NA,NA,NA,,,TRUE,1,0.874079198,-17.16258,145.54143,6213,NA,,,NA,211,,,0.874079198,0.953189883,FALSE,TRUE,TRUE
208,194,208,16_248140_TTE3_19Oct20,16_248140_TTE3_19Oct20,16_248140_TTE3_19Oct20,248140,248140,ear,TTE3,19/10/2020,Tinaroo,Tinaroo,Lamb Range,,,NA,NA,NA,,,TRUE,1,0.883555248,-17.16487,145.53091,6213,NA,,,NA,212,,,0.883555248,0.955152888,FALSE,TRUE,TRUE
209,195,209,17_541890_TTD2_19Oct20,17_541890_TTD2_19Oct20,17_541890_TTD2_19Oct20,541890,541890,ear,TTD2,19/10/2020,Tinaroo,Tinaroo,Lamb Range,,,NA,NA,NA,,,TRUE,1,0.894414664,-17.166349,145.534741,6213,NA,,,NA,213,,,0.894414664,0.956889392,FALSE,TRUE,TRUE
210,196,210,18_541906_TTG7_23Oct20,18_541906_TTG7_23Oct20,18_541906_TTG7_23Oct20,541906,541906,ear,TTG7,23/10/2020,Tinaroo,Tinaroo,Lamb Range,,,NA,NA,NA,,,TRUE,1,0.891509597,-17.16593,145.5381,6213,NA,,,NA,214,,,0.891509597,0.956889392,FALSE,TRUE,TRUE
211,197,211,19_541911_TTG3_19Oct20,19_541911_TTG3_19Oct20,19_541911_TTG3_19Oct20,541911,541911,ear,TTG3,19/10/2020,Tinaroo,Tinaroo,Lamb Range,,,NA,NA,NA,,,TRUE,1,0.895832613,-17.166159,145.540599,6213,NA,,,NA,215,,,0.895832613,0.958323896,FALSE,TRUE,TRUE
212,198,212,20_541943_TTF2_21Oct20,20_541943_TTF2_21Oct20,20_541943_TTF2_21Oct20,541943,541943,ear,TTF2,21/10/2020,Tinaroo,Tinaroo,Lamb Range,,,NA,NA,NA,,,TRUE,1,0.883243991,-17.168181,145.535663,6213,NA,,,NA,216,,,0.883243991,0.952283881,FALSE,TRUE,TRUE
213,199,213,21_541951_TTF7_21Oct20,21_541951_TTF7_21Oct20,21_541951_TTF7_21Oct20,541951,541951,ear,TTF7,21/10/2020,Tinaroo,Tinaroo,Lamb Range,,,NA,NA,NA,,,TRUE,1,0.871623725,-17.167159,145.53156,6213,NA,,,NA,217,,,0.871623725,0.955379388,FALSE,TRUE,TRUE
214,200,214,22_542018_TTF4_19Oct20,22_542018_TTF4_19Oct20,22_542018_TTF4_19Oct20,542018,542018,ear,TTF4,19/10/2020,Tinaroo,Tinaroo,Lamb Range,,,NA,NA,NA,,,TRUE,1,0.898011413,-17.168582,145.534003,6213,NA,,,NA,218,,,0.898011413,0.955303888,FALSE,TRUE,TRUE
215,201,215,23_542021_TTG6_23Oct20,23_542021_TTG6_23Oct20,23_542021_TTG6_23Oct20,542021,542021,ear,TTG6,23/10/2020,Tinaroo,Tinaroo,Lamb Range,,,NA,NA,NA,,,TRUE,1,0.892235864,-17.166251,145.539036,6213,NA,,,NA,219,,,0.892235864,0.954548886,FALSE,TRUE,TRUE
216,202,216,24_test1_0_BBDN_18Apr21_rep,24_test1_0_BBDN_18Apr21_rep,24_test1_0_BBDN_18Apr21_rep,Roadkill_BBDN,Roadkill_BBDN,ear,BBDN,18/04/2021,Tinaroo,Tinaroo,Lamb Range,rep test,fresh extraction,8.6,30,A,,reproducibility test within second order - roadkill sample,TRUE,1,0.901850251,-17.154,145.551,6213,NA,,,NA,220,,,0.901850251,0.957191393,FALSE,TRUE,TRUE
217,203,217,24_test4_0_BBDN_18Apr21,24_test4_0_BBDN_18Apr21,24_test4_0_BBDN_18Apr21,Roadkill_BBDN,Roadkill_BBDN,ear,BBDN,18/04/2021,Tinaroo,Tinaroo,Lamb Range,rep test,fresh extraction,8.6,30,A,,reproducibility test within second order - roadkill sample,FALSE,0,0.886633235,-17.154,145.551,6213,NA,M,,NA,221,,,0.886633235,0.95605889,FALSE,FALSE,TRUE
218,204,218,310780_TTH3_11/05/15,310780_TTH3_11/05/15,310780 TTH3 11/05/15,310780,425330,ear,TTH3,11/05/2015,Tinaroo,Tinaroo,Lamb Range,checking issues,fresh extraction,9.17,5,A,,suspected duplicate - subsequently re extracted,TRUE,0,0.940757392,-17.163768,145.528731,4696,NA,F,,25,186,,,0.940757392,0.959003398,FALSE,TRUE,TRUE
219,205,219,422644_TTF4_05/11/14,422644_TTF4_05/11/14,422644 TTF4 05/11/14,422644,422644,ear,TTF4,5/11/2014,Tinaroo,Tinaroo,Lamb Range,,,NA,NA,NA,,,TRUE,1,0.927477088,-17.168582,145.534003,4696,NA,M,,60,174,,,0.927477088,0.956360891,FALSE,TRUE,TRUE
220,206,220,424118_TTB4_24/11/16,424118_TTB4_24/11/16,424118 TTB4 24/11/16,424118,424118,ear,TTB4,24/11/2016,Tinaroo,Tinaroo,Lamb Range,,,NA,NA,NA,,,TRUE,1,0.934013488,-17.16123,145.54211,4696,NA,F,,60,147,,,0.934013488,0.960211401,FALSE,TRUE,TRUE
221,207,221,424120_TTE6_28/08/16,424120_TTE6_28/08/16,424120 TTE6 28/08/16,424120,424120,ear,TTE6,28/08/2016,Tinaroo,Tinaroo,Lamb Range,,,NA,NA,NA,,,TRUE,1,0.936123119,-17.16255,145.53259,4696,NA,F,,60,168,,,0.936123119,0.9599849,FALSE,TRUE,TRUE
222,208,222,424188_TTH6_03/03/15,424188_TTH6_03/03/15,424188 TTH6 03/03/15,424188,424188,ear,TTH6,3/03/2015,Tinaroo,Tinaroo,Lamb Range,,,NA,NA,NA,,,TRUE,1,0.917551444,-17.161525,145.530431,4696,NA,M,,60,191,,,0.917551444,0.946470366,FALSE,TRUE,TRUE
223,209,223,424385_TTF1_28/08/16,424385_TTF1_28/08/16,424385 TTF1 28/08/16,424385,424385,ear,TTF1,28/08/2016,Tinaroo,Tinaroo,Lamb Range,,,NA,NA,NA,,,TRUE,1,0.928134186,-17.167496,145.536248,4696,NA,M,,38.8,172,,,0.928134186,0.959456399,FALSE,TRUE,TRUE
224,210,224,424446_TTF7_29/08/16,424446_TTF7_29/08/16,424446 TTF7 29/08/16,424446,424446,ear,TTF7,29/08/2016,Tinaroo,Tinaroo,Lamb Range,checking issues,fresh extraction,23.15,10,E,,relatively high MLH - subsequently re extracted,TRUE,0,0.942659519,-17.167159,145.53156,4696,NA,M,,53.6,178,,,0.942659519,0.967308418,FALSE,TRUE,TRUE
225,211,225,424498_TTD4_26/11/16,424498_TTD4_26/11/16,424498 TTD4 26/11/16,424498,424498,ear,TTD4,26/11/2016,Tinaroo,Tinaroo,Lamb Range,rep test,new sample,7.75,13,A,,subsequent reproducibility tested,TRUE,0,0.931143005,-17.16491,145.534952,4696,NA,F,,60,160,,,0.931143005,0.956964892,FALSE,TRUE,TRUE
226,212,226,424531_TTF4_28/08/16,424531_TTF4_28/08/16,424531 TTF4 28/08/16,424531,424531,ear,TTF4,28/08/2016,Tinaroo,Tinaroo,Lamb Range,,,NA,NA,NA,,,TRUE,1,0.933978904,-17.168582,145.534003,4696,NA,F,,57,175,,,0.933978904,0.961268403,FALSE,TRUE,TRUE
227,213,227,424619_TTC1_28/08/16,424619_TTC1_28/08/16,424619 TTC1 28/08/16,424619,424619,ear,TTC1,28/08/2016,Tinaroo,Tinaroo,Lamb Range,,,NA,NA,NA,,,TRUE,1,0.929033374,-17.164211,145.539975,4696,NA,M,,63.3,152,,,0.929033374,0.956662892,FALSE,TRUE,TRUE
228,214,228,T143_424249_ETA2_03/11/15,424685_TTT6_03/04/16,T143_424249 ETA2 03/11/15,424685,424685,ear,TTT6,3/04/2016,Tinaroo,Tinaroo,Lamb Range,rep test,new sample,64.99,15,C,swap all details,Changed pop with B and C swap!! Emu/Tin; subsequent reproducibility tested,TRUE,0,0.903510289,-17.166,145.53,4696,NA,NA,,35,195,date doesnt fit with Tinaroo trapping,,0.903510289,0.946621367,TRUE,TRUE,FALSE
229,215,229,T174_T174_TT_01/08/16,424749_TTE7_01/08/16_2,T174_T174 TT 01/08/16,424749,424749,ear,TTE7,1/08/2016,Tinaroo,Tinaroo,Lamb Range,,,NA,31,B,copy details from 424749_TTE7_01/08/16,,TRUE,1,0.928272523,-17.16211,145.53345,4696,NA,M,,12.8,170,,,0.928272523,0.952812382,TRUE,TRUE,FALSE
230,216,230,424749_TTE7_01/08/16,424749_TTE7_01/08/16,424749 TTE7 01/08/16,424749,424749,ear,TTE7,1/08/2016,Tinaroo,Tinaroo,Lamb Range,,,NA,31,B,no change,,FALSE,1,0.924364517,-17.16211,145.53345,4696,NA,M,,59,170,,,0.924364517,0.953340883,TRUE,FALSE,TRUE
231,217,231,424766_TTD2_10/05/15,424766_TTD2_10/05/15,424766 TTD2 10/05/15,424766,424766,ear,TTD2,10/05/2015,Tinaroo,Tinaroo,Lamb Range,,,NA,33,B,,removed 2/3 3-way similarity,FALSE,0,0.928618364,-17.166349,145.534741,4696,NA,F,A,46.2,157,,,0.928618364,0.9598339,FALSE,FALSE,TRUE
232,218,232,424791_TTD4_01/03/15,424791_TTD4_01/03/15,424791 TTD4 01/03/15,424791,424766,ear,TTD4,1/03/2015,Tinaroo,Tinaroo,Lamb Range,,,NA,33,B,,suspected duplicate based on dist (with which bettong?),FALSE,0,0.932076777,-17.16491,145.534952,4696,NA,F,A,36,159,,,0.932076777,0.960815402,FALSE,FALSE,TRUE
233,219,233,424827_TTE5_03/03/15,424827_TTE5_03/03/15,424827 TTE5 03/03/15,424827,424827,ear,TTE5,3/03/2015,Tinaroo,Tinaroo,Lamb Range,,,NA,NA,NA,,,TRUE,1,0.934290161,-17.16327,145.53181,4696,NA,F,,36.6,167,,,0.934290161,0.958021895,FALSE,TRUE,TRUE
234,220,234,424834_TTE2,424834_TTE2,424834 TTE2,424834,424834,ear,TTE2,NA,Tinaroo,Tinaroo,Lamb Range,,,NA,NA,NA,,,TRUE,1,0.93176552,-17.16565,145.53029,4696,NA,F,,60,164,,,0.93176552,0.956285391,FALSE,TRUE,TRUE
235,221,235,424897_TTG7_28/07/14,424897_TTG7_28/07/14,424897 TTG7 28/07/14,424897,424897,ear,TTG7,28/07/2014,Tinaroo,Tinaroo,Lamb Range,,,NA,NA,NA,,,TRUE,1,0.932249697,-17.16593,145.5381,4696,NA,M,,60,180,,,0.932249697,0.956964892,FALSE,TRUE,TRUE
236,222,236,424902_TTD6_25/10/15,424902_TTD6_25/10/15,424902 TTD6 25/10/15,424902,424902,ear,TTD6,25/10/2015,Tinaroo,Tinaroo,Lamb Range,,,NA,NA,NA,,,TRUE,1,0.930278402,-17.163265,145.534904,4696,NA,F,,60,163,,,0.930278402,0.957946395,FALSE,TRUE,TRUE
237,223,237,424941_TTE4_01/08/16,424941_TTE4_01/08/16,424941 TTE4 01/08/16,424941,424941,ear,TTE4,1/08/2016,Tinaroo,Tinaroo,Lamb Range,,,NA,NA,NA,,,TRUE,1,0.842192634,-17.16405,145.53136,4696,NA,F,,60,166,,,0.842192634,0.936353341,FALSE,TRUE,TRUE
238,224,238,424996_TTF7_11/05/16,424996_TTF7_11/05/16,424996 TTF7 11/05/16,424996,424996,ear,TTF7,11/05/2016,Tinaroo,Tinaroo,Lamb Range,,,NA,NA,NA,,,TRUE,1,0.928964205,-17.167159,145.53156,4696,NA,F,,42.6,179,,,0.928964205,0.958323896,FALSE,TRUE,TRUE
239,225,239,425146_TTH4_28/08/16,425146_TTH4_28/08/16,425146 TTH4 28/08/16,425146,425146,ear,TTH4,28/08/2016,Tinaroo,Tinaroo,Lamb Range,,,NA,NA,NA,,,TRUE,1,0.931730936,-17.162996,145.52925,4696,NA,M,,55.6,187,,,0.931730936,0.956662892,FALSE,TRUE,TRUE
240,226,240,425147_TTB5_28/08/16,425147_TTB5_28/08/16,425147 TTB5 28/08/16,425147,425147,ear,TTB5,28/08/2016,Tinaroo,Tinaroo,Lamb Range,rep test,fresh extraction,8.94,22,A,,subsequent reproducibility tested,TRUE,1,0.933978904,-17.1606,145.5424,4696,NA,M,,30.2,149,,,0.933978904,0.959305398,FALSE,TRUE,TRUE
241,227,241,425191_TTH6_26/10/15,425191_TTH6_26/10/15,425191 TTH6 26/10/15,425191,425191,ear,TTH6,26/10/2015,Tinaroo,Tinaroo,Lamb Range,rep test,fresh extraction,8.83,25,A,,subsequent reproducibility tested,TRUE,1,0.931073837,-17.161525,145.530431,4696,NA,F,A,44.4,192,,,0.931073837,0.956662892,FALSE,TRUE,TRUE
242,228,242,425294_TTE3_01/03/15,425294_TTE3_01/03/15,425294 TTE3 01/03/15,425294,425294,ear,TTE3,1/03/2015,Tinaroo,Tinaroo,Lamb Range,accidental first order,NA,7.21,26,A,,duplicated within first order - known duplicate based on bettong no. and dist ,FALSE,0,0.930866332,-17.16487,145.53091,4696,NA,M,,60,165,,,0.930866332,0.959154398,FALSE,FALSE,TRUE
243,229,243,425329_TTF6_28/08/16,425329_TTF6_28/08/16,425329 TTF6 28/08/16,425329,425329,ear,TTF6,28/08/2016,Tinaroo,Tinaroo,Lamb Range,,,NA,NA,NA,,,TRUE,1,0.929067958,-17.167598,145.532577,4696,NA,M,,60,176,,,0.929067958,0.960513401,FALSE,TRUE,TRUE
245,252,245,T072_423800_ETF3_20/02/15,425407_TTH2_24/10/15_2,T072_423800 ETF3 20/02/15,425407,425407,ear,TTH2,24/10/2015,Tinaroo,Tinaroo,Lamb Range,,,NA,29,B,copy details from 425407_TTH2_24/10/15,Changed pop with B and C swap!! Emu>>Tin,TRUE,1,0.929275463,-17.164632,145.528444,4696,NA,F,A,33.6,119,,,0.929275463,0.953793884,TRUE,TRUE,FALSE
165,104,165,86_425061_ETC7_19Aug15,86_425061_ETC7_19Aug15,86_425061_ETC7_19Aug15,425061,425061,hair,ETC7,19/08/2015,Emu Creek,Emu Creek,Lamb Range,,,NA,NA,NA,,hair - not previously sequenced! Not reported - unable to be sequenced,FALSE,0,0,-17.10745,145.5296333,6213,NA,,,NA,281,,Not reported - unable to be sequenced,0,NA,FALSE,TRUE,TRUE
246,231,246,438094_TTC7_23/11/16,438094_TTC7_23/11/16,438094 TTC7 23/11/16,438094,438094,ear,TTC7,23/11/2016,Tinaroo,Tinaroo,Lamb Range,,,NA,NA,NA,,,TRUE,1,0.924952447,-17.16207,145.5394,4696,NA,F,,20,155,,,0.924952447,0.955303888,FALSE,TRUE,TRUE
247,232,247,438103_TTB4_31/08/16,438103_TTB4_31/08/16,438103 TTB4 31/08/16,438103,438103,ear,TTB4,31/08/2016,Tinaroo,Tinaroo,Lamb Range,,,NA,NA,NA,,,TRUE,1,0.847933598,-17.16123,145.54211,4696,NA,M,,55.2,148,,,0.847933598,0.95583239,FALSE,TRUE,TRUE
248,233,248,438112_TTA4_24/11/16,438112_TTA4_24/11/16,438112 TTA4 24/11/16,438112,438112,ear,TTA4,24/11/2016,Tinaroo,Tinaroo,Lamb Range,,,NA,NA,NA,,,TRUE,1,0.930209234,-17.158402,145.545257,4696,NA,M,,58,144,,,0.930209234,0.956889392,FALSE,TRUE,TRUE
249,234,249,453313_TTD4_24/10/15,453313_TTD4_24/10/15,453313 TTD4 24/10/15,453313,453313,ear,TTD4,24/10/2015,Tinaroo,Tinaroo,Lamb Range,,,NA,NA,NA,,,TRUE,1,0.928168771,-17.16491,145.534952,4696,NA,F,J,60,161,,,0.928168771,0.955077388,FALSE,TRUE,TRUE
250,235,250,453369_TT_01/08/16,453369_TT_01/08/16,453369 TT 01/08/16,453369,453369,ear,TTG7,30/08/2016,Tinaroo,Tinaroo,Lamb Range,,,NA,NA,NA,,,TRUE,1,0.936572713,-17.165848,145.538093,4696,NA,F,,58,141,"no record found for 1/8/16, so used record on 30/8/16 to fill in blank trap location and also changed date to match",,0.936572713,0.957568894,FALSE,TRUE,TRUE
251,236,251,694390_TTB7_28/08/16,694390_TTB7_28/08/16,694390 TTB7 28/08/16,694390,694390,ear,TTB7,28/08/2016,Tinaroo,Tinaroo,Lamb Range,,,NA,NA,NA,,,TRUE,1,0.933252637,-17.15892,145.54211,4696,NA,F,,60,151,,,0.933252637,0.955530389,FALSE,TRUE,TRUE
252,237,252,707051_TTH3_30/08/16,707051_TTH3_30/08/16,707051 TTH3 30/08/16,707051,707051,ear,TTH3,30/08/2016,Tinaroo,Tinaroo,Lamb Range,,,NA,NA,NA,,,TRUE,1,0.922669895,-17.163768,145.528731,4696,NA,M,,28,185,,,0.922669895,0.955681389,FALSE,TRUE,TRUE
253,238,253,707440_TTH2_21/08/16,707440_TTH2_21/08/16,707440 TTH2 21/08/16,707440,707440,ear,TTH2,21/08/2016,Tinaroo,Tinaroo,Lamb Range,,,NA,NA,NA,,,TRUE,1,0.93235345,-17.164632,145.528444,4696,NA,F,,34.4,184,,,0.93235345,0.955228388,FALSE,TRUE,TRUE
254,239,254,73_310780_TTH3_11May15,73_310780_TTH3_11May15,73_310780_TTH3_11May15,310780,425330,ear,TTH3,11/05/2015,Tinaroo,Tinaroo,Lamb Range,checking issues,fresh extraction,9.17,5,A,,re-extraction of sample from last time - suspected duplicate,FALSE,1,0.897181394,-17.163768,145.528731,6213,NA,F,,NA,270,,suspected duplicate,0.897181394,0.958625897,FALSE,FALSE,TRUE
255,240,255,74_424446_TTF7_29Aug16,74_424446_TTF7_29Aug16,74_424446_TTF7_29Aug16,424446,424446,ear,TTF7,29/08/2016,Tinaroo,Tinaroo,Lamb Range,checking issues,fresh extraction,23.15,10,E,,re-extraction of sample from last time - relatively high MLH,FALSE,1,0.866228601,-17.167159,145.53156,6213,NA,M,,NA,271,,,0.866228601,0.953340883,FALSE,FALSE,TRUE
256,241,256,75_425191_TTH6_26Oct15,75_425191_TTH6_26Oct15,75_425191_TTH6_26Oct15,425191,425191,ear,TTH6,26/10/2015,Tinaroo,Tinaroo,Lamb Range,rep test,fresh extraction,8.83,25,A,,reproducibility test - old WWF sample re extracted,FALSE,0,0.873283763,-17.161525,145.530431,6213,NA,F,,NA,272,,,0.873283763,0.956209891,FALSE,FALSE,TRUE
257,242,257,76_112733_TTA1_28Aug16,76_112733_TTA1_28Aug16,76_112733_TTA1_28Aug16,112733,112733,ear,TTA1,28/08/2016,Tinaroo,Tinaroo,Lamb Range,rep test,fresh extraction,9.59,1,A,,reproducibility test - original sample re extracted,FALSE,1,0.865156493,-17.16095,145.54622,6213,NA,F,,NA,273,,,0.865156493,0.948433371,FALSE,FALSE,TRUE
258,243,258,78_425147_TTB5_28Aug16,78_425147_TTB5_28Aug16,78_425147_TTB5_28Aug16,425147,425147,ear,TTB5,28/08/2016,Tinaroo,Tinaroo,Lamb Range,rep test,fresh extraction,8.94,22,A,,reproducibility test - old WWF sample re extracted,FALSE,0,0.892892962,-17.1606,145.5424,6213,NA,M,,NA,275,,,0.892892962,0.9600604,FALSE,FALSE,TRUE
259,244,259,88_424605_TTH4_20Oct20,88_424605_TTH4_20Oct20,88_424605_TTH4_20Oct20,424605,424605,ear,TTH4,20/10/2020,Tinaroo,Tinaroo,Lamb Range,checking issues,fresh extraction,69.69,14,B,no change,CHECK SITE CHANGE - AWC resampled at Tinaroo,FALSE,1,0.905204911,-17.162996,145.52925,6213,NA,,,NA,283,,,0.905204911,0.963533409,TRUE,FALSE,TRUE
260,245,260,89_112744_TTF1_20Oct20,89_112744_TTF1_20Oct20,89_112744_TTF1_20Oct20,112744,112744,ear,TTF1,20/10/2020,Tinaroo,Tinaroo,Lamb Range,rep test,new sample,7.87,2,A,,reproducibility test - AWC resampled,FALSE,1,0.878505966,-17.167496,145.536248,6213,NA,,,NA,284,,,0.878505966,0.957795394,FALSE,FALSE,TRUE
261,246,261,90_424498_TTD2_22Oct20,90_424498_TTD2_22Oct20,90_424498_TTD2_22Oct20,424498,424498,ear,TTD2,22/10/2020,Tinaroo,Tinaroo,Lamb Range,rep test,new sample,7.75,13,A,,reproducibility test - AWC resampled,FALSE,1,0.88348608,-17.166349,145.534741,6213,NA,,,NA,285,,,0.88348608,0.956587391,FALSE,FALSE,TRUE
262,247,262,91_424685_TTD3_21Oct20,91_424685_TTD3_21Oct20,91_424685_TTD3_21Oct20,424685,424685,ear,TTD3,21/10/2020,Tinaroo,Tinaroo,Lamb Range,rep test,new sample,64.99,15,B,no change,reproducibility test - AWC resampled,FALSE,1,0.901746498,-17.165582,145.534439,6213,NA,,,NA,286,,,0.901746498,0.955756889,TRUE,FALSE,TRUE
263,248,263,T012_453309_TTD5_30/08/15,T012_453309_TTD5_30/08/15,T012_453309 TTD5 30/08/15,453309,453309,ear,TTD5,30/08/2015,Tinaroo,Tinaroo,Lamb Range,,,NA,NA,NA,,,TRUE,1,0.920352758,-17.164018,145.535127,4696,NA,F,,27,38,,,0.920352758,0.95613439,FALSE,TRUE,TRUE
264,249,264,T021_453310_TTF7_30/08/15,T021_453310_TTF7_30/08/15,T021_453310 TTF7 30/08/15,453310,453310,ear,TTF7,30/08/2015,Tinaroo,Tinaroo,Lamb Range,,,NA,NA,NA,,,TRUE,1,0.897803908,-17.167159,145.53156,4696,NA,F,,25.8,42,,,0.897803908,0.950622877,FALSE,TRUE,TRUE
265,250,265,T022_453372_TTB7_31/08/15,T022_453372_TTB7_31/08/15,T022_453372 TTB7 31/08/15,453372,453372,ear,TTB7,31/08/2015,Tinaroo,Tinaroo,Lamb Range,,,NA,NA,NA,,,TRUE,1,0.909320422,-17.15892,145.54211,4696,NA,F,,21,37,,,0.909320422,0.951226878,FALSE,TRUE,TRUE
266,251,266,T025_424564_TTB2_01/07/15,T025_424564_TTB2_01/07/15,T025_424564 TTB2 01/07/15,424564,424564,ear,TTB2,1/07/2015,Tinaroo,Tinaroo,Lamb Range,,,NA,NA,NA,,,TRUE,1,0.902023171,-17.16258,145.54143,4696,NA,NA,,42,145,date doesnt fit Tinaroo trapping,,0.902023171,0.951226878,FALSE,TRUE,TRUE
150,89,150,53_248123_ETF1_14Oct20,53_248123_ETF1_14Oct20,53_248123_ETF1_14Oct20,248123,248123,ear,ETF1,14/10/2020,Emu Creek,Emu Creek,Lamb Range,,,NA,NA,NA,,,TRUE,1,0.889330797,-17.09873333,145.5268333,6213,NA,,,NA,250,,,0.889330797,0.954020385,FALSE,TRUE,TRUE
268,254,268,T080_425330_TTH1_05/11/14,T080_425330_TTH1_05/11/14,T080_425330 TTH1 05/11/14,425330,425330,ear,TTH1,5/11/2014,Tinaroo,Tinaroo,Lamb Range,,,NA,5,A,,suspected duplicate based on dist (310780_TTH3_11/05/15),FALSE,0,0.933702231,-17.165538,145.528356,4696,NA,F,,60.8,18,,,0.933702231,0.957795394,FALSE,FALSE,TRUE
269,254,269,T088_424412_TTA3_26/07/14,T088_424412_TTA3_26/07/14,T088_424412 TTA3 26/07/14,424412,423980,ear,TTA3,26/07/2014,Tinaroo,Tinaroo,Lamb Range,,,NA,32,B,,,TRUE,1,0.937817742,-17.159239,145.545354,4696,NA,F,,17,143,,,0.937817742,0.956436391,FALSE,TRUE,TRUE
270,255,270,T095_424954_TTH4_04/11/14,T095_424954_TTH4_04/11/14,T095_424954 TTH4 04/11/14,424954,424954,ear,TTH4,4/11/2014,Tinaroo,Tinaroo,Lamb Range,,,NA,NA,NA,,,TRUE,1,0.92028359,-17.162996,145.52925,4696,NA,F,,60,44,,,0.92028359,0.955756889,FALSE,TRUE,TRUE
271,256,271,T097_424910_TTD6_10/05/15,T097_424910_TTD6_10/05/15,T097_424910 TTD6 10/05/15,424910,424910,ear,TTD6,10/05/2015,Tinaroo,Tinaroo,Lamb Range,,,NA,NA,NA,,,TRUE,1,0.930382155,-17.163265,145.534904,4696,NA,M,,46.8,40,,,0.930382155,0.953416384,FALSE,TRUE,TRUE
272,257,272,T099_424168_TTC6_11/05/15,T099_424168_TTC6_11/05/15,T099_424168 TTC6 11/05/15,424168,424766,ear,TTC6,11/05/2015,Tinaroo,Tinaroo,Lamb Range,,,NA,33,B,,,TRUE,1,0.937575653,-17.16207,145.53827,4696,NA,F,A,30,153,,,0.937575653,0.960286901,FALSE,TRUE,TRUE
273,258,273,T102_424422_TTD4_12/05/15,T102_424422_TTD4_12/05/15,T102_424422 TTD4 12/05/15,424422,424422,ear,TTD4,12/05/2015,Tinaroo,Tinaroo,Lamb Range,,,NA,NA,NA,,,TRUE,1,0.917551444,-17.16491,145.534952,4696,NA,F,,31.6,158,,,0.917551444,0.954020385,FALSE,TRUE,TRUE
274,259,274,T174,T118_10779_TTH1_03/03/15_2,T174,10779,10779,ear,TTH1,3/03/2015,Tinaroo,Tinaroo,Lamb Range,,,NA,31,B,copy details from T118_10779_TTH1_03/03/15,,TRUE,1,0.93629604,-17.165538,145.528356,4696,NA,F,,60,182,,,0.93629604,0.957115893,TRUE,TRUE,FALSE
275,260,275,T118_10779_TTH1_03/03/15,T118_10779_TTH1_03/03/15,T118_10779 TTH1 03/03/15,10779,10779,ear,TTH1,3/03/2015,Tinaroo,Tinaroo,Lamb Range,,,NA,31,B,no change,,FALSE,1,0.929897977,-17.165538,145.528356,4696,NA,F,,14,182,,,0.929897977,0.956285391,TRUE,FALSE,TRUE
276,261,276,T148_424866_TTG3_28/08/16,T148_424866_TTG3_28/08/16,T148_424866 TTG3 28/08/16,424866,424866,ear,TTG3,28/08/2016,Tinaroo,Tinaroo,Lamb Range,,,NA,NA,NA,,,TRUE,1,0.931488847,-17.166159,145.540599,4696,NA,F,,66.24,43,,,0.931488847,0.95583239,FALSE,TRUE,TRUE
277,262,277,T162_424503_TTF2_28/08/16,T162_424503_TTF2_28/08/16,T162_424503 TTF2 28/08/16,424503,424503,ear,TTF2,28/08/2016,Tinaroo,Tinaroo,Lamb Range,,,NA,NA,NA,,,TRUE,1,0.919557323,-17.168181,145.535663,4696,NA,F,,30,173,,,0.919557323,0.953340883,FALSE,TRUE,TRUE
278,262,278,T165_425294_TTE5_30/08/16,T165_425294_TTE5_30/08/16,T165_425294 TTE5 30/08/16,425294,425294,ear,TTE5,30/08/2016,Tinaroo,Tinaroo,Lamb Range,accidental first order,NA,7.21,26,A,,duplicated within first order - known duplicate based on bettong no. and dist ,TRUE,1,0.939131938,-17.16327,145.53181,4696,NA,M,,57.8,17,,,0.939131938,0.9601359,FALSE,TRUE,TRUE
279,263,279,T168_112736_TTC7_29/08/16,T168_112736_TTC7_29/08/16,T168_112736 TTC7 29/08/16,112736,112736,ear,TTC7,29/08/2016,Tinaroo,Tinaroo,Lamb Range,,,NA,NA,NA,,,TRUE,1,0.929690472,-17.16207,145.5394,4696,NA,M,,20,154,,,0.929690472,0.955681389,FALSE,TRUE,TRUE
280,265,280,T170_112751_TTE7_29/08/16,T170_112751_TTE7_29/08/16,T170_112751 TTE7 29/08/16,112751,112751,ear,TTE7,29/08/2016,Tinaroo,Tinaroo,Lamb Range,,,NA,NA,NA,,,TRUE,1,0.936434377,-17.16211,145.53345,4696,NA,M,,19.5,169,,,0.936434377,0.958097395,FALSE,TRUE,TRUE
281,266,281,T173_112723_TTH1_29/08/16,T173_112723_TTH1_29/08/16,T173_112723 TTH1 29/08/16,112723,112723,ear,TTH1,29/08/2016,Tinaroo,Tinaroo,Lamb Range,,,NA,NA,NA,,,TRUE,1,0.930312986,-17.165538,145.528356,4696,NA,F,,30,181,,,0.930312986,0.959758399,FALSE,TRUE,TRUE
282,267,282,T175_T175_TTE7_01/08/16,T175_T175_TTE7_01/08/16,T175_T175 TTE7 01/08/16,T175,T175,ear,TTE7,1/08/2016,Tinaroo,Tinaroo,Lamb Range,,,NA,NA,NA,,,TRUE,1,0.929690472,-17.16211,145.53345,4696,NA,NA,,12.3,41,,,0.929690472,0.954850887,FALSE,TRUE,TRUE
283,268,283,T177_424640_TTH6_10/05/16,T177_424640_TTH6_10/05/16,T177_424640 TTH6 10/05/16,424640,424640,ear,TTH6,10/05/2016,Tinaroo,Tinaroo,Lamb Range,,,NA,NA,NA,,,TRUE,1,0.929725056,-17.161525,145.530431,4696,NA,F,,35,189,,,0.929725056,0.956511891,FALSE,TRUE,TRUE
284,269,284,T178_424301_TTH7_08/05/16,T178_424301_TTH7_08/05/16,T178_424301 TTH7 08/05/16,424301,424301,ear,TTH7,8/05/2016,Tinaroo,Tinaroo,Lamb Range,,,NA,NA,NA,,,TRUE,1,0.937783158,-17.161316,145.531344,4696,NA,M,,14.28,193,,,0.937783158,0.959078898,FALSE,TRUE,TRUE
285,270,285,T179_694396_TTB5_09/05/16,T179_694396_TTB5_09/05/16,T179_694396 TTB5 09/05/16,694396,694396,ear,TTB5,9/05/2016,Tinaroo,Tinaroo,Lamb Range,,,NA,NA,NA,,,TRUE,1,0.919903164,-17.1606,145.5424,4696,NA,M,,21.4,36,,,0.919903164,0.953718384,FALSE,TRUE,TRUE
286,52,286,T201_103932_DTG5_03/08/16,T182_424605_TTH5_08/05/16,T201_103932 DTG5 03/08/16,424605,424605,ear,TTH5,8/05/2016,Tinaroo,Tinaroo,Lamb Range,checking issues,fresh extraction,69.69,14,C,swap all details,Changed pop with B and C swap!!  Accidentally swapepd with Davies sample T201_103932_DTG5_03_08_16 (extracted on same day),TRUE,0,0.929379215,-17.162202,145.529758,4696,NA,M,,42,188,,,0.929379215,0.955303888,TRUE,TRUE,FALSE
287,271,287,T183_423980_TTB4_23/11/16,T183_423980_TTB4_23/11/16,T183_423980 TTB4 23/11/16,423980,423980,ear,TTB4,23/11/2016,Tinaroo,Tinaroo,Lamb Range,,,NA,32,B,,,FALSE,1,0.930900916,-17.16123,145.54211,4696,NA,F,A,27,146,both M & F recorded,,0.930900916,0.954624387,FALSE,FALSE,TRUE
288,272,288,T192_424212_TTD5_25/11/16,T192_424212_TTD5_25/11/16,T192_424212 TTD5 25/11/16,424212,424212,ear,TTD5,25/11/2016,Tinaroo,Tinaroo,Lamb Range,,,NA,NA,NA,,,TRUE,1,0.92740792,-17.164018,145.535127,4696,NA,M,,22,162,,,0.92740792,0.953718384,FALSE,TRUE,TRUE
289,275,289,T182_424605_TTH5_08/05/16,T201_103932_DTG5_03/08/16,T182_424605 TTH5 08/05/16,103932,103932,ear,DTG5,3/08/2016,Davies Creek,Upper Davies,Lamb Range,,,NA,14,B,swap all details,Changed pop with B and C swap!! Accidentally swapepd with  Tinaroos sample T182_424605_TTH5_08/05/16 (extracted on same day),TRUE,1,0.924468269,-17.0193666,145.5812666,4696,NA,F,,30,76,,,0.924468269,0.951528879,TRUE,TRUE,FALSE
